33344.0,64186.0,38838.0,51051.0,46277.0,61134.0,56634.0,64170.0,52696.0,54901.0
56641.0,80.0,45827.0,42333.0,47065.0,66817.0,7955.0,41161.0,29328.0,14697.0
40317.0,7133.0,42339.0,58693.0,38561.0,51617.0,58688.0,46207.0,9357.0,38867.0
8776.0,47188.0,47777.0,48360.0,67791.0,51327.0,44775.0,44280.0,43015.0,51863.0
8336.0,16951.0,12989.0,35198.0,53890.0,53792.0,20335.0,48577.0,3159.0,33611.0
58123.0,48416.0,53154.0,44250.0,57565.0,52517.0,67207.0,34427.0,17552.0,47660.0
50625.0,5490.0,61068.0,58700.0,47389.0,38823.0,56647.0,30269.0,65644.0,65661.0
63201.0,48075.0,31090.0,31105.0,6197.0,32892.0,26952.0,63612.0,58528.0,48862.0
61100.0,41041.0,50017.0,56748.0,65481.0,48787.0,40369.0,66.0,24935.0,43281.0
61821.0,29738.0,55086.0,32359.0,37713.0,23827.0,60195.0,12836.0,36821.0,53146.0
32060.0,45243.0,38842.0,58681.0,62252.0,40782.0,44952.0,50951.0,50656.0,66254.0
41173.0,25693.0,60531.0,18300.0,7955.0,81.0,8773.0,40411.0,42333.0,53447.0
54402.0,53916.0,16363.0,66622.0,24933.0,2551.0,16867.0,12213.0,39270.0,59891.0
55825.0,51110.0,53995.0,54506.0,67369.0,50382.0,58112.0,47113.0,58159.0,7226.0
55925.0,44484.0,2578.0,3655.0,1619.0,44002.0,60340.0,8354.0,1169.0,35351.0
64265.0,56765.0,44070.0,50870.0,56766.0,65312.0,58053.0,39504.0,1987.0,64199.0
44147.0,33354.0,21031.0,45274.0,38976.0,52391.0,66697.0,54369.0,36473.0,58654.0
1329.0,40563.0,44077.0,5260.0,57477.0,11856.0,33504.0,26482.0,57870.0,473.0
56941.0,51382.0,32581.0,29233.0,9611.0,7692.0,39300.0,7644.0,7631.0,59318.0
22045.0,22015.0,26976.0,43181.0,40447.0,17514.0,34362.0,51864.0,50067.0,43729.0
45549.0,29330.0,29318.0,29272.0,2009.0,9902.0,21526.0,55753.0,2983.0,24935.0
61798.0,2083.0,5466.0,7981.0,29697.0,5120.0,6230.0,50609.0,52639.0,54499.0
3110.0,29046.0,63013.0,67415.0,39591.0,40776.0,61067.0,39586.0,16401.0,47360.0
49305.0,52616.0,54511.0,42340.0,50824.0,7576.0,50890.0,5126.0,44487.0,4866.0
44526.0,33743.0,8301.0,27432.0,21721.0,37566.0,55707.0,50319.0,22680.0,65548.0
35245.0,58616.0,32079.0,58782.0,55102.0,33300.0,32084.0,64207.0,44073.0,38849.0
48166.0,32930.0,43183.0,26912.0,9403.0,32070.0,21464.0,59399.0,45134.0,27882.0
48657.0,49717.0,47856.0,50434.0,40745.0,19071.0,66330.0,33346.0,54084.0,66258.0
66244.0,45286.0,65663.0,56678.0,45267.0,31562.0,10351.0,47991.0,49778.0,35278.0
66777.0,47114.0,47361.0,65512.0,52729.0,57169.0,27778.0,23775.0,32042.0,57770.0
51627.0,67785.0,35082.0,59367.0,34900.0,27591.0,43230.0,66741.0,31523.0,30526.0
4386.0,40210.0,55451.0,63731.0,61544.0,61942.0,65245.0,51517.0,1571.0,47188.0
28552.0,59404.0,26220.0,48779.0,28577.0,22437.0,63214.0,10602.0,1017.0,55713.0
57961.0,56034.0,64734.0,48329.0,64489.0,32194.0,14089.0,35458.0,60640.0,11719.0
52696.0,18895.0,61134.0,32196.0,51472.0,33344.0,49182.0,37069.0,46277.0,44070.0
23394.0,49698.0,33279.0,45818.0,47685.0,42689.0,44659.0,14829.0,40917.0,65895.0
22789.0,52740.0,32257.0,47285.0,16494.0,15679.0,25632.0,63054.0,57033.0,40922.0
38657.0,43200.0,57571.0,50558.0,51329.0,32047.0,32021.0,33336.0,19600.0,66288.0
21257.0,9890.0,40299.0,57834.0,54616.0,2532.0,59712.0,53509.0,64598.0,4561.0
12378.0,21272.0,8296.0,54449.0,48640.0,4139.0,40751.0,12876.0,48219.0,56791.0
32111.0,50582.0,23373.0,42974.0,32103.0,46260.0,49119.0,4545.0,48260.0,45847.0
57147.0,53017.0,36085.0,61725.0,24298.0,61726.0,40948.0,65995.0,40358.0,37746.0
43395.0,49295.0,7000.0,24397.0,20288.0,13108.0,19724.0,19272.0,16795.0,22227.0
66266.0,61382.0,50629.0,9351.0,9425.0,47720.0,13646.0,19049.0,22324.0,16059.0
61383.0,9038.0,14314.0,33325.0,21533.0,44083.0,33315.0,16112.0,56031.0,62617.0
56223.0,48198.0,1137.0,9158.0,41132.0,34321.0,1650.0,45513.0,40436.0,67401.0
34548.0,27517.0,40805.0,66025.0,55457.0,2392.0,30099.0,42259.0,57177.0,37332.0
9380.0,1758.0,63644.0,23237.0,26121.0,1142.0,24512.0,28731.0,1507.0,2426.0
59086.0,43471.0,30546.0,31313.0,9827.0,60585.0,17528.0,3822.0,59685.0,30554.0
44835.0,51661.0,44785.0,64521.0,54917.0,53411.0,52319.0,19284.0,28307.0,26628.0
59324.0,55257.0,28177.0,24671.0,11387.0,33096.0,9212.0,3255.0,63913.0,51658.0
52670.0,57082.0,52658.0,52621.0,12862.0,33266.0,52654.0,5563.0,42282.0,319.0
10347.0,61759.0,64599.0,48226.0,10356.0,51624.0,66287.0,25645.0,55833.0,61046.0
44515.0,1601.0,28407.0,6804.0,39554.0,48783.0,9086.0,19143.0,6729.0,12890.0
17625.0,10368.0,65282.0,21998.0,32392.0,18160.0,28969.0,32544.0,10128.0,20695.0
43176.0,63796.0,32179.0,12951.0,2450.0,45828.0,46001.0,12579.0,28701.0,19380.0
28752.0,33161.0,16773.0,54345.0,60202.0,64218.0,56571.0,19692.0,14089.0,30229.0
64208.0,33277.0,50647.0,37030.0,40622.0,64181.0,64868.0,49656.0,38611.0,43283.0
67901.0,67885.0,32655.0,67893.0,57518.0,4134.0,6492.0,21683.0,57632.0,3876.0
31403.0,56788.0,31440.0,63791.0,65249.0,22019.0,22937.0,8767.0,43757.0,53043.0
13780.0,64121.0,53067.0,5090.0,57166.0,53662.0,8950.0,67368.0,34135.0,9202.0
66673.0,24078.0,54402.0,60533.0,60998.0,34125.0,19284.0,18569.0,64757.0,67193.0
3006.0,1005.0,47682.0,16090.0,21249.0,39263.0,45244.0,2474.0,6188.0,47055.0
1008.0,17598.0,34237.0,26398.0,38647.0,21215.0,45623.0,19051.0,21209.0,45520.0
48282.0,50643.0,66290.0,49066.0,44059.0,33306.0,44063.0,34558.0,38848.0,5410.0
75.0,56055.0,41876.0,18292.0,52606.0,33110.0,1043.0,56315.0,7125.0,30259.0
43281.0,50088.0,48787.0,23657.0,65481.0,61100.0,35343.0,5564.0,50072.0,48103.0
48857.0,4587.0,38164.0,50383.0,17477.0,1620.0,50032.0,65683.0,1609.0,30542.0
19149.0,27583.0,57804.0,28002.0,44424.0,45708.0,31977.0,37226.0,61939.0,5738.0
3202.0,67887.0,10271.0,65933.0,32376.0,51875.0,12836.0,890.0,51791.0,46562.0
59526.0,49792.0,41148.0,52289.0,7737.0,49757.0,23290.0,18318.0,30273.0,45240.0
42896.0,58002.0,42830.0,50059.0,52415.0,9362.0,21265.0,47875.0,54080.0,21224.0
64187.0,10350.0,56263.0,33304.0,38881.0,46260.0,48283.0,50582.0,32039.0,48284.0
43499.0,21680.0,43453.0,44246.0,3925.0,31543.0,14217.0,4293.0,58498.0,23702.0
42046.0,58824.0,46375.0,38827.0,58707.0,32077.0,66312.0,33166.0,58777.0,64541.0
65.0,52606.0,1043.0,57553.0,18292.0,61769.0,64948.0,33108.0,11996.0,35757.0
7562.0,50879.0,1987.0,49174.0,30240.0,56634.0,52401.0,64170.0,50867.0,39386.0
55943.0,55926.0,44441.0,54869.0,47697.0,40248.0,4531.0,50120.0,6188.0,65954.0
64744.0,42955.0,16080.0,57936.0,66285.0,16040.0,31622.0,19392.0,21449.0,9403.0
27781.0,29219.0,29212.0,44423.0,56068.0,61016.0,59777.0,47301.0,1305.0,36465.0
14697.0,29328.0,66817.0,1.0,9296.0,41223.0,29339.0,56641.0,42260.0,33153.0
40411.0,60531.0,8773.0,42333.0,25693.0,7955.0,3637.0,11.0,3628.0,45827.0
2411.0,63510.0,29208.0,50315.0,52506.0,36660.0,59054.0,4122.0,18304.0,60272.0
40798.0,46167.0,46217.0,38611.0,37037.0,9346.0,12573.0,33296.0,64221.0,52720.0
12557.0,45903.0,58214.0,52359.0,15026.0,55781.0,12526.0,40047.0,32148.0,45004.0
61788.0,66655.0,56555.0,20489.0,44300.0,18306.0,53671.0,57014.0,60852.0,64050.0
66337.0,64176.0,16040.0,16077.0,8312.0,63562.0,8021.0,12899.0,65487.0,4561.0
47630.0,50729.0,780.0,15980.0,57015.0,48672.0,67406.0,62506.0,54062.0,15984.0
31057.0,24682.0,4551.0,40743.0,28035.0,40400.0,40394.0,28067.0,40440.0,15985.0
34974.0,26849.0,26627.0,1576.0,12933.0,23538.0,2390.0,54267.0,24163.0,51267.0
38988.0,38984.0,29524.0,38991.0,58105.0,52988.0,65721.0,6463.0,14361.0,33064.0
32804.0,24839.0,49058.0,7710.0,42002.0,66179.0,25371.0,46724.0,24834.0,8956.0
23491.0,24184.0,8914.0,16421.0,16662.0,59045.0,57682.0,43576.0,52186.0,29349.0
39577.0,50002.0,47894.0,50030.0,47971.0,47673.0,53860.0,38718.0,48165.0,49968.0
27745.0,49125.0,47303.0,63641.0,45018.0,29620.0,10319.0,47091.0,15261.0,32173.0
44835.0,51661.0,29233.0,66317.0,51382.0,49.0,53411.0,17979.0,56941.0,50423.0
60396.0,55447.0,51926.0,23759.0,65970.0,17513.0,54939.0,67076.0,32357.0,63306.0
6672.0,63173.0,25037.0,22164.0,50399.0,31105.0,60198.0,56725.0,16015.0,57103.0
6685.0,58137.0,35107.0,50097.0,2319.0,44290.0,52499.0,53621.0,60327.0,34358.0
43584.0,65892.0,62414.0,55956.0,50327.0,43591.0,53282.0,50321.0,44334.0,51977.0
121.0,3445.0,42006.0,9657.0,18737.0,40823.0,42963.0,13651.0,33633.0,24858.0
49780.0,32631.0,13720.0,14331.0,3343.0,33743.0,57410.0,27455.0,58251.0,26479.0
26550.0,27027.0,34584.0,60966.0,43514.0,68002.0,31996.0,45002.0,29823.0,28929.0
32752.0,30191.0,6471.0,590.0,62978.0,14220.0,57298.0,587.0,11589.0,35608.0
128.0,4497.0,49060.0,1442.0,23714.0,57279.0,55725.0,57590.0,65788.0,42271.0
32617.0,1772.0,66126.0,10599.0,18771.0,286.0,5011.0,1037.0,56410.0,59611.0
37909.0,2222.0,33828.0,60498.0,62736.0,43058.0,65356.0,61626.0,63957.0,66874.0
20392.0,29014.0,27592.0,23442.0,65341.0,51750.0,38316.0,35681.0,52011.0,31208.0
24923.0,10217.0,50481.0,34580.0,373.0,42116.0,34594.0,3490.0,57385.0,3459.0
66066.0,14294.0,502.0,36343.0,66105.0,63860.0,2698.0,32788.0,10794.0,54273.0
21745.0,21690.0,47469.0,21701.0,29879.0,18433.0,63498.0,22181.0,51206.0,14258.0
16579.0,44736.0,61704.0,22175.0,21184.0,23270.0,21944.0,4662.0,42325.0,54258.0
56617.0,34593.0,49016.0,48805.0,531.0,10859.0,53679.0,54254.0,16426.0,30191.0
23214.0,61960.0,14514.0,53055.0,55698.0,59890.0,51929.0,62490.0,47338.0,41932.0
44442.0,58353.0,65217.0,62741.0,63627.0,90.0,200.0,562.0,15878.0,42296.0
35674.0,7160.0,36835.0,38144.0,48876.0,4084.0,67160.0,1115.0,47767.0,37098.0
915.0,4817.0,55277.0,53054.0,2390.0,67890.0,63547.0,31658.0,4479.0,25784.0
66439.0,63992.0,66990.0,52096.0,32817.0,66470.0,22035.0,50535.0,21962.0,13929.0
47795.0,49044.0,40962.0,50549.0,47544.0,65198.0,18430.0,65222.0,66044.0,48456.0
29244.0,62153.0,53873.0,44246.0,53409.0,47655.0,23771.0,51047.0,22439.0,4241.0
20768.0,6341.0,63421.0,16569.0,21189.0,49134.0,855.0,16585.0,51410.0,14510.0
100.0,42006.0,9657.0,49531.0,40823.0,3445.0,18737.0,42963.0,174.0,22160.0
48440.0,14294.0,38218.0,52106.0,43448.0,34902.0,54168.0,47511.0,1449.0,589.0
54168.0,3793.0,33186.0,46657.0,62806.0,42327.0,60719.0,3849.0,35595.0,31226.0
46465.0,5695.0,1813.0,9944.0,27834.0,12652.0,217.0,66191.0,44243.0,7095.0
31971.0,10247.0,61948.0,54575.0,5676.0,22617.0,9214.0,36768.0,26555.0,51475.0
22401.0,51205.0,22013.0,42353.0,38025.0,53655.0,715.0,55163.0,2346.0,39897.0
47542.0,1717.0,52558.0,36388.0,12047.0,49500.0,7715.0,3419.0,49444.0,36064.0
104.0,49060.0,4497.0,1442.0,23714.0,42271.0,65788.0,3881.0,47364.0,55725.0
49647.0,67878.0,15409.0,49632.0,54803.0,21149.0,14631.0,63732.0,58251.0,51760.0
32701.0,37898.0,66153.0,4613.0,32738.0,37157.0,59503.0,32681.0,25635.0,20844.0
67858.0,39980.0,206.0,35314.0,49132.0,27486.0,32640.0,40619.0,2257.0,57354.0
61960.0,47581.0,63648.0,52006.0,60561.0,53055.0,10494.0,7194.0,66437.0,7166.0
43715.0,5050.0,48890.0,62072.0,18247.0,37255.0,2091.0,29208.0,6167.0,43777.0
12092.0,7143.0,1728.0,63830.0,36672.0,63332.0,51991.0,49011.0,49522.0,12044.0
10490.0,26093.0,4473.0,10382.0,54168.0,4871.0,53736.0,51919.0,21641.0,2471.0
33246.0,127.0,314.0,47542.0,55456.0,36388.0,63713.0,51190.0,4348.0,62740.0
3036.0,7284.0,52984.0,55362.0,66220.0,34379.0,61655.0,2990.0,28111.0,47247.0
67912.0,64097.0,38245.0,2498.0,46084.0,38168.0,36092.0,5003.0,58022.0,31394.0
54661.0,62098.0,60829.0,59605.0,1792.0,43061.0,59872.0,7741.0,57213.0,27519.0
61558.0,33926.0,18435.0,27669.0,32681.0,40955.0,31596.0,36348.0,56891.0,37671.0
684.0,21691.0,265.0,8801.0,1419.0,61698.0,35573.0,21186.0,27435.0,48777.0
5029.0,289.0,19654.0,20746.0,44753.0,22289.0,288.0,22171.0,18755.0,4625.0
55060.0,59535.0,45929.0,62889.0,35909.0,36307.0,51068.0,22597.0,55003.0,20064.0
900.0,56409.0,46648.0,635.0,51149.0,18434.0,18880.0,26717.0,56410.0,44194.0
63993.0,22191.0,1438.0,66126.0,26736.0,35573.0,566.0,527.0,27475.0,6277.0
18847.0,25194.0,5035.0,26360.0,26336.0,62692.0,26282.0,51551.0,26211.0,26339.0
1854.0,16076.0,63812.0,8428.0,19494.0,19580.0,58311.0,2454.0,51945.0,7897.0
19893.0,23689.0,4570.0,20440.0,43922.0,10407.0,23421.0,24388.0,53481.0,36559.0
37757.0,22197.0,13416.0,37725.0,48720.0,50791.0,12902.0,4099.0,2393.0,25903.0
183.0,63957.0,570.0,61626.0,52715.0,38017.0,51181.0,9755.0,27411.0,62736.0
31056.0,55486.0,44407.0,2373.0,31084.0,48696.0,60291.0,31103.0,3314.0,5057.0
56335.0,21934.0,32622.0,4611.0,41146.0,36844.0,57642.0,21936.0,32627.0,36530.0
27495.0,62931.0,2706.0,1024.0,8444.0,2782.0,7286.0,27489.0,9609.0,49479.0
18425.0,10848.0,10853.0,63748.0,51811.0,46997.0,57408.0,46565.0,66572.0,528.0
12934.0,4675.0,14344.0,7096.0,36266.0,5327.0,23640.0,30936.0,44277.0,6568.0
63409.0,39371.0,4594.0,6494.0,2346.0,19054.0,38025.0,57670.0,6515.0,4552.0
2894.0,66033.0,25681.0,55261.0,48726.0,5280.0,3347.0,3598.0,22469.0,45250.0
23583.0,23516.0,23542.0,41718.0,757.0,36662.0,416.0,39362.0,27897.0,41037.0
35656.0,10325.0,27824.0,45070.0,35742.0,38811.0,45196.0,56383.0,26678.0,35922.0
55258.0,16280.0,42211.0,46089.0,61864.0,16597.0,48299.0,16258.0,4009.0,2590.0
3348.0,1763.0,21811.0,58323.0,43565.0,61916.0,40645.0,62552.0,21093.0,23584.0
39375.0,5365.0,22670.0,7181.0,5115.0,2841.0,45178.0,1156.0,2894.0,5311.0
56604.0,42029.0,7782.0,27489.0,46860.0,1978.0,21762.0,2731.0,47539.0,63911.0
21425.0,17033.0,50801.0,25780.0,49471.0,32714.0,1911.0,220.0,2308.0,27895.0
25111.0,57468.0,56355.0,26856.0,2188.0,30010.0,11957.0,34781.0,38806.0,19744.0
2483.0,50362.0,63763.0,66004.0,21883.0,2264.0,44325.0,65799.0,7797.0,66460.0
13669.0,48855.0,53575.0,17498.0,8430.0,3737.0,48477.0,51517.0,1826.0,66449.0
30935.0,62498.0,52037.0,3719.0,55306.0,30889.0,52968.0,45932.0,16513.0,44977.0
5386.0,1890.0,62029.0,1781.0,47087.0,179.0,1838.0,40031.0,1821.0,7712.0
49289.0,46430.0,57290.0,51149.0,1459.0,39309.0,36094.0,55339.0,12028.0,2082.0
56811.0,2667.0,4492.0,1419.0,7749.0,40619.0,51168.0,18767.0,623.0,3440.0
4491.0,4669.0,57696.0,55939.0,4497.0,2667.0,2261.0,4490.0,47550.0,1098.0
1484.0,49048.0,48842.0,1802.0,34950.0,3369.0,10854.0,27430.0,58591.0,29933.0
31567.0,57277.0,198.0,18737.0,53421.0,3476.0,121.0,56370.0,49531.0,22160.0
61574.0,42278.0,3424.0,549.0,4692.0,3994.0,57659.0,518.0,50854.0,46981.0
856.0,21149.0,4051.0,4137.0,54891.0,7734.0,892.0,54585.0,40590.0,27448.0
43819.0,37321.0,37320.0,1417.0,37330.0,53333.0,23812.0,49059.0,37316.0,37318.0
26804.0,3481.0,1469.0,40884.0,43492.0,52241.0,53316.0,38180.0,45175.0,27416.0
1890.0,5380.0,3881.0,56741.0,50584.0,169.0,4657.0,2888.0,27518.0,56668.0
4671.0,581.0,1844.0,62921.0,4471.0,52976.0,322.0,57589.0,57979.0,46383.0
65066.0,50541.0,48309.0,21705.0,42075.0,16221.0,46020.0,4080.0,21711.0,63798.0
34966.0,1578.0,64601.0,56573.0,56972.0,54452.0,27556.0,51522.0,59086.0,55771.0
150.0,63957.0,570.0,61626.0,38017.0,27411.0,52715.0,9755.0,58531.0,58568.0
7073.0,36770.0,44772.0,53349.0,61000.0,59847.0,63812.0,19607.0,4528.0,35929.0
46089.0,53687.0,61864.0,50759.0,22229.0,10176.0,1159.0,53077.0,60561.0,60376.0
289.0,43934.0,22514.0,29817.0,44277.0,14276.0,7096.0,23694.0,12934.0,23621.0
50678.0,56614.0,55182.0,555.0,7155.0,55489.0,45192.0,56385.0,7294.0,31826.0
53312.0,51998.0,49665.0,58767.0,57701.0,65716.0,15552.0,42214.0,33136.0,21652.0
56878.0,33757.0,28660.0,2055.0,36747.0,14556.0,14212.0,60959.0,35935.0,60936.0
5311.0,49361.0,56030.0,3612.0,18815.0,1507.0,29163.0,39756.0,1504.0,8604.0
19888.0,35472.0,53157.0,29447.0,61621.0,62018.0,29450.0,6318.0,3330.0,29500.0
34674.0,16001.0,28122.0,38931.0,32327.0,38957.0,2859.0,35414.0,1933.0,67824.0
29549.0,59434.0,5112.0,64977.0,10210.0,34129.0,25649.0,18243.0,64076.0,35108.0
28370.0,44050.0,63558.0,14010.0,28472.0,31038.0,44400.0,6645.0,8079.0,61059.0
51872.0,28061.0,29492.0,19187.0,43959.0,62071.0,10661.0,62131.0,28895.0,44384.0
6806.0,3795.0,1424.0,47509.0,66560.0,57478.0,52990.0,18692.0,14662.0,29894.0
57209.0,2397.0,1596.0,56717.0,60464.0,54203.0,3845.0,42235.0,62609.0,59527.0
53421.0,31567.0,26673.0,39320.0,174.0,29876.0,3404.0,39346.0,34520.0,54602.0
65867.0,62461.0,21950.0,54304.0,21919.0,16596.0,14282.0,14678.0,60994.0,29007.0
2244.0,44364.0,42296.0,65217.0,50319.0,61598.0,57979.0,17443.0,562.0,44174.0
54922.0,63939.0,27213.0,8302.0,61811.0,7979.0,1703.0,1614.0,65686.0,47761.0
19233.0,213.0,219.0,7386.0,736.0,12912.0,701.0,717.0,59957.0,16632.0
40714.0,40713.0,40694.0,40734.0,40706.0,40707.0,40700.0,40727.0,40735.0,40686.0
37152.0,977.0,37689.0,4904.0,16527.0,32286.0,57678.0,25046.0,6314.0,37696.0
45436.0,26539.0,51441.0,9253.0,8892.0,35128.0,25385.0,21824.0,66135.0,36378.0
67858.0,35314.0,39980.0,49132.0,131.0,61721.0,34552.0,2695.0,56807.0,2257.0
1574.0,3788.0,4037.0,46178.0,55361.0,64848.0,58345.0,13969.0,29883.0,4910.0
38052.0,275.0,32639.0,34532.0,32652.0,23847.0,30031.0,280.0,11568.0,39798.0
37142.0,46511.0,220.0,17033.0,46560.0,37745.0,52402.0,46561.0,50801.0,49062.0
1438.0,10795.0,35573.0,141.0,21710.0,36807.0,66126.0,63993.0,1419.0,684.0
10663.0,60605.0,33792.0,16470.0,17643.0,25049.0,34662.0,55025.0,55004.0,13962.0
40660.0,19732.0,40738.0,40699.0,19985.0,37178.0,23544.0,40687.0,40727.0,40692.0
202.0,219.0,59957.0,37674.0,2847.0,7386.0,7384.0,701.0,2272.0,16992.0
3969.0,17619.0,33597.0,49000.0,40053.0,24895.0,19228.0,17790.0,11209.0,773.0
47498.0,37753.0,3445.0,23824.0,18885.0,2297.0,40814.0,29967.0,34961.0,38715.0
55947.0,36640.0,14787.0,46826.0,9129.0,57756.0,12491.0,46974.0,39933.0,14828.0
27834.0,27630.0,3081.0,55026.0,1980.0,14843.0,3070.0,21647.0,33759.0,19117.0
39949.0,15972.0,34616.0,54871.0,44779.0,63432.0,63939.0,11844.0,17725.0,17237.0
213.0,202.0,2847.0,59957.0,54221.0,17017.0,19233.0,53396.0,54821.0,7386.0
17033.0,50801.0,164.0,21058.0,64859.0,64852.0,209.0,25781.0,37740.0,62433.0
28152.0,25532.0,28161.0,16982.0,49653.0,1735.0,15431.0,57245.0,3762.0,42007.0
38742.0,19852.0,37154.0,35627.0,48815.0,250.0,46530.0,37160.0,11966.0,22427.0
54098.0,2267.0,17802.0,913.0,39958.0,23273.0,10237.0,39616.0,57143.0,34351.0
63499.0,44606.0,37726.0,58294.0,8397.0,55087.0,31821.0,55085.0,37480.0,16647.0
45040.0,237.0,240.0,63436.0,14234.0,46515.0,44603.0,25342.0,44180.0,6663.0
21612.0,50351.0,53290.0,51873.0,59559.0,54930.0,51903.0,14680.0,3031.0,53121.0
48947.0,15022.0,56240.0,27697.0,49830.0,32336.0,63436.0,54096.0,54541.0,57765.0
5455.0,35593.0,23641.0,42920.0,32689.0,6457.0,44753.0,12831.0,50542.0,46998.0
22605.0,59197.0,54821.0,22169.0,5327.0,6568.0,31499.0,22307.0,14960.0,14844.0
4424.0,23583.0,34968.0,2416.0,773.0,2269.0,13586.0,39476.0,1584.0,60993.0
3336.0,57240.0,685.0,33625.0,37500.0,2037.0,10237.0,35470.0,57143.0,57731.0
62968.0,53703.0,33624.0,24848.0,9663.0,23884.0,18097.0,6420.0,280.0,22641.0
41890.0,26689.0,42013.0,52887.0,51782.0,4748.0,55200.0,57323.0,50603.0,370.0
852.0,37296.0,61636.0,57351.0,3414.0,18754.0,25861.0,3468.0,42078.0,56416.0
37528.0,1514.0,37693.0,51466.0,39617.0,995.0,23544.0,58375.0,59850.0,10014.0
31810.0,2099.0,57750.0,65932.0,27192.0,36266.0,14844.0,31150.0,499.0,46968.0
45040.0,3332.0,44603.0,14240.0,3944.0,9818.0,58589.0,44180.0,225.0,62738.0
55521.0,54706.0,12646.0,14584.0,21315.0,44956.0,14306.0,62192.0,48745.0,9341.0
919.0,1802.0,2658.0,3369.0,1730.0,1598.0,2726.0,34925.0,241.0,2147.0
45040.0,14234.0,237.0,225.0,47494.0,46515.0,58589.0,6663.0,6725.0,27711.0
7282.0,3883.0,58295.0,19866.0,29866.0,4328.0,556.0,30053.0,30027.0,46324.0
65994.0,31658.0,43548.0,44714.0,9967.0,22197.0,13416.0,23694.0,23060.0,12210.0
35637.0,37754.0,36823.0,6725.0,28897.0,10674.0,38021.0,31782.0,12478.0,39327.0
51811.0,57408.0,63748.0,37995.0,46565.0,22698.0,154.0,3471.0,66085.0,10848.0
749.0,52978.0,57358.0,32625.0,21186.0,10226.0,37325.0,42109.0,21691.0,55948.0
27764.0,3743.0,50569.0,21657.0,21513.0,3598.0,66033.0,25647.0,61650.0,63300.0
45246.0,3340.0,20780.0,57681.0,241.0,58295.0,3883.0,55939.0,56612.0,4622.0
7245.0,1818.0,66107.0,10801.0,18787.0,33828.0,62983.0,256.0,49683.0,29950.0
3480.0,26680.0,57713.0,57447.0,39320.0,1816.0,3404.0,22702.0,10812.0,22100.0
37154.0,37160.0,32286.0,38742.0,35627.0,22427.0,63355.0,10096.0,11966.0,11959.0
52921.0,34524.0,38699.0,34528.0,23802.0,26090.0,62903.0,46555.0,38046.0,38033.0
44217.0,36864.0,50462.0,55359.0,22128.0,33770.0,62489.0,14241.0,44668.0,42875.0
54597.0,44927.0,2471.0,59472.0,17580.0,39988.0,33763.0,51558.0,58357.0,46572.0
17249.0,14795.0,53088.0,16825.0,67014.0,17156.0,13571.0,13567.0,46540.0,55414.0
46507.0,35396.0,55440.0,61577.0,18115.0,26154.0,59472.0,37092.0,7342.0,53384.0
10801.0,5011.0,62983.0,56240.0,7245.0,6332.0,53690.0,1772.0,248.0,51048.0
13872.0,37940.0,1411.0,521.0,55029.0,51210.0,40334.0,44913.0,34553.0,42344.0
58354.0,44626.0,61007.0,62436.0,21059.0,1514.0,58322.0,42036.0,58518.0,63877.0
52716.0,36735.0,58388.0,7095.0,46465.0,21341.0,36407.0,18379.0,29734.0,5695.0
12433.0,30042.0,43812.0,51139.0,8450.0,61739.0,28114.0,17692.0,7316.0,60129.0
60766.0,18773.0,35631.0,21965.0,64532.0,42222.0,30334.0,6697.0,18726.0,62953.0
23511.0,23544.0,2269.0,4983.0,54798.0,14239.0,37704.0,46159.0,923.0,37545.0
4740.0,62264.0,48244.0,371.0,55445.0,4671.0,46659.0,287.0,1461.0,46860.0
270.0,281.0,66058.0,2218.0,42358.0,3410.0,517.0,26680.0,57447.0,56404.0
141.0,61698.0,21186.0,21691.0,8801.0,62925.0,48777.0,29933.0,38003.0,46853.0
3478.0,3436.0,43116.0,938.0,929.0,905.0,37977.0,62901.0,34566.0,990.0
1404.0,63962.0,29953.0,52975.0,66121.0,1403.0,3456.0,49046.0,4695.0,22176.0
280.0,140.0,4516.0,48761.0,40955.0,31596.0,11568.0,45417.0,45840.0,32778.0
2274.0,287.0,18786.0,61675.0,3347.0,1444.0,1892.0,18783.0,5094.0,59468.0
264.0,3456.0,66058.0,517.0,56404.0,57402.0,63962.0,62929.0,3410.0,281.0
19185.0,45142.0,557.0,65994.0,5674.0,35365.0,19745.0,14665.0,39708.0,15583.0
37711.0,17643.0,12811.0,26159.0,22307.0,55025.0,13962.0,17143.0,21138.0,55024.0
6333.0,60731.0,62939.0,48745.0,2452.0,2361.0,44932.0,41013.0,39984.0,7797.0
24481.0,22171.0,1693.0,289.0,7011.0,51312.0,22514.0,18755.0,19654.0,46877.0
32639.0,208.0,23847.0,34532.0,32742.0,280.0,38052.0,24843.0,45417.0,15049.0
61663.0,1854.0,1739.0,2768.0,37153.0,10795.0,28149.0,65793.0,48777.0,9576.0
499.0,49520.0,10130.0,57670.0,51218.0,60251.0,65932.0,27192.0,12410.0,32678.0
3355.0,47527.0,34928.0,65805.0,13598.0,8374.0,4378.0,40658.0,34929.0,66721.0
3228.0,66721.0,6902.0,67371.0,34910.0,40959.0,49531.0,9942.0,34643.0,67909.0
11793.0,4516.0,15049.0,62968.0,24919.0,19491.0,39798.0,11568.0,38052.0,18764.0
264.0,270.0,2218.0,517.0,66058.0,26680.0,8832.0,249.0,3404.0,3410.0
10008.0,10006.0,1873.0,60194.0,34923.0,1734.0,34924.0,62422.0,2490.0,1583.0
7370.0,10522.0,37723.0,51217.0,13471.0,7361.0,66340.0,44913.0,39650.0,57327.0
730.0,62918.0,34569.0,990.0,991.0,13467.0,10518.0,62901.0,34566.0,62965.0
26709.0,3343.0,46860.0,27462.0,27525.0,52395.0,63732.0,25324.0,62264.0,27501.0
4697.0,66656.0,20771.0,46349.0,4471.0,35573.0,1419.0,52540.0,105.0,32617.0
18786.0,2274.0,269.0,61675.0,18783.0,46383.0,4671.0,1892.0,3347.0,263.0
3763.0,63918.0,57652.0,142.0,19654.0,44626.0,289.0,25703.0,53302.0,32689.0
186.0,142.0,22514.0,1693.0,22171.0,43934.0,7011.0,22289.0,5029.0,7096.0
57342.0,62811.0,12283.0,4902.0,34968.0,9278.0,66800.0,1801.0,39476.0,22611.0
53714.0,14402.0,14943.0,6937.0,49646.0,2852.0,34884.0,3744.0,22543.0,23551.0
28005.0,58914.0,45368.0,41537.0,58916.0,39450.0,46501.0,44201.0,62392.0,58925.0
37108.0,26151.0,55023.0,31920.0,22269.0,44752.0,23806.0,14299.0,14456.0,12601.0
9093.0,5932.0,65825.0,37152.0,30012.0,37090.0,36364.0,36135.0,6739.0,8111.0
35084.0,28659.0,56197.0,4847.0,2459.0,30990.0,55370.0,52928.0,28898.0,34608.0
58643.0,33559.0,34936.0,3476.0,37681.0,771.0,4918.0,62951.0,10232.0,10214.0
14344.0,36266.0,23640.0,5327.0,13626.0,8510.0,31810.0,2847.0,14822.0,19520.0
49132.0,1039.0,67858.0,3878.0,18729.0,34560.0,131.0,20775.0,61676.0,67869.0
47942.0,10863.0,26537.0,10865.0,47470.0,10866.0,38019.0,30328.0,62903.0,57393.0
21920.0,29584.0,50343.0,50828.0,42061.0,29032.0,52090.0,32759.0,10398.0,54247.0
25898.0,52211.0,1152.0,15460.0,20349.0,65817.0,15464.0,55325.0,2721.0,15504.0
29630.0,20377.0,60398.0,20382.0,40846.0,15530.0,66903.0,60646.0,3482.0,47439.0
63720.0,54313.0,42327.0,56344.0,57296.0,54295.0,58646.0,54277.0,21946.0,54252.0
52232.0,63059.0,21954.0,30274.0,52271.0,30330.0,30300.0,45994.0,3955.0,41954.0
54235.0,597.0,54277.0,42207.0,63736.0,60968.0,1815.0,54251.0,58252.0,57506.0
33798.0,52903.0,16553.0,8419.0,44884.0,20654.0,21347.0,26169.0,55399.0,33964.0
25635.0,43502.0,4516.0,27669.0,19784.0,66153.0,140.0,36348.0,67880.0,18435.0
46844.0,19879.0,38572.0,59467.0,35360.0,21918.0,43503.0,63699.0,35618.0,52891.0
7328.0,22689.0,38222.0,27731.0,56608.0,23868.0,26170.0,10541.0,23872.0,10871.0
4800.0,35577.0,38702.0,60748.0,30163.0,57326.0,58649.0,58805.0,35580.0,58762.0
57604.0,572.0,66123.0,56759.0,61149.0,52251.0,57894.0,40326.0,54319.0,52271.0
27731.0,38222.0,17049.0,32766.0,43065.0,8386.0,52980.0,59509.0,26170.0,13496.0
183.0,42353.0,39539.0,150.0,5000.0,7143.0,37530.0,8331.0,58531.0,63957.0
37491.0,2147.0,18765.0,51190.0,40199.0,47542.0,37312.0,36388.0,4328.0,1719.0
45398.0,40350.0,42086.0,35614.0,18482.0,56491.0,8349.0,18503.0,57358.0,25861.0
24844.0,60112.0,57224.0,30367.0,27997.0,54287.0,18676.0,33640.0,66102.0,28533.0
32350.0,17751.0,5252.0,4994.0,5237.0,17752.0,59993.0,55936.0,43263.0,49875.0
64462.0,60070.0,56327.0,2936.0,19692.0,40236.0,54923.0,49538.0,46263.0,67641.0
56051.0,43344.0,42694.0,19281.0,52750.0,15898.0,19041.0,19461.0,35184.0,20030.0
57788.0,55690.0,21946.0,48976.0,30314.0,21655.0,585.0,46966.0,1437.0,22704.0
18283.0,4577.0,35770.0,806.0,59485.0,4673.0,988.0,27513.0,52040.0,61575.0
581.0,62957.0,60752.0,51150.0,180.0,18709.0,62947.0,62921.0,21755.0,42016.0
2716.0,18508.0,2651.0,3419.0,50838.0,371.0,1496.0,1525.0,52540.0,4939.0
21743.0,3813.0,4640.0,34933.0,52713.0,38102.0,32725.0,3991.0,1545.0,48433.0
36353.0,35466.0,35465.0,54590.0,57210.0,44932.0,9817.0,38077.0,66146.0,39984.0
27672.0,14245.0,29514.0,44089.0,58634.0,61714.0,60272.0,14257.0,6274.0,29464.0
40019.0,12894.0,62260.0,3285.0,63341.0,66461.0,54274.0,57106.0,62095.0,42040.0
55341.0,18650.0,33485.0,19737.0,30930.0,13771.0,66370.0,46637.0,32546.0,6362.0
18484.0,22612.0,21802.0,26156.0,16436.0,27880.0,46532.0,46816.0,49024.0,17243.0
57772.0,6263.0,49049.0,49130.0,37996.0,36063.0,4379.0,39979.0,46508.0,39620.0
51548.0,10475.0,61564.0,58426.0,12060.0,24149.0,30885.0,66885.0,45751.0,13835.0
7247.0,63423.0,501.0,51228.0,17578.0,14663.0,4663.0,40011.0,40000.0,42007.0
13924.0,56286.0,60310.0,1452.0,35543.0,18751.0,6391.0,41007.0,63760.0,9067.0
37702.0,3281.0,22362.0,52365.0,64857.0,17423.0,55415.0,1691.0,3225.0,8502.0
59517.0,55979.0,67030.0,2788.0,41355.0,31757.0,20201.0,57055.0,9926.0,1306.0
16599.0,36012.0,50630.0,31777.0,31769.0,48733.0,59525.0,43511.0,49127.0,25001.0
2719.0,1245.0,44502.0,2782.0,37223.0,58311.0,57492.0,21630.0,68003.0,35633.0
41915.0,67788.0,60874.0,66892.0,65243.0,65244.0,44757.0,54595.0,62250.0,66890.0
55481.0,62266.0,21938.0,53439.0,24141.0,7167.0,1126.0,41956.0,48997.0,5033.0
27140.0,42208.0,61775.0,57600.0,32767.0,60297.0,61705.0,10534.0,14990.0,1292.0
28526.0,56901.0,29538.0,27891.0,57734.0,24655.0,63213.0,38940.0,28045.0,48864.0
66162.0,41902.0,19800.0,21185.0,3078.0,64156.0,14263.0,63577.0,59510.0,59481.0
2212.0,46367.0,3876.0,23523.0,2653.0,2434.0,46642.0,25701.0,4595.0,5181.0
53349.0,58345.0,42670.0,36770.0,57422.0,28518.0,35431.0,12927.0,12905.0,22608.0
16469.0,24103.0,6133.0,58387.0,26794.0,12253.0,6154.0,63925.0,53513.0,60628.0
52032.0,55074.0,57605.0,14350.0,59475.0,44391.0,47352.0,29621.0,15470.0,4746.0
8579.0,45712.0,7139.0,6083.0,8275.0,7176.0,22898.0,35853.0,21784.0,36151.0
3734.0,1451.0,21897.0,46620.0,28152.0,48952.0,28161.0,41963.0,26792.0,541.0
4645.0,63695.0,64973.0,32659.0,67941.0,3861.0,59600.0,17074.0,54717.0,45171.0
56229.0,43529.0,36323.0,7797.0,2686.0,12986.0,5031.0,23251.0,9630.0,12093.0
12057.0,62070.0,1021.0,8769.0,65033.0,55392.0,58102.0,47167.0,31995.0,4043.0
17014.0,47046.0,26134.0,6471.0,62978.0,24076.0,56904.0,13855.0,52384.0,26133.0
41014.0,21687.0,63695.0,63882.0,49131.0,39989.0,14513.0,15333.0,67161.0,30341.0
48387.0,3719.0,52312.0,43459.0,31803.0,53370.0,10455.0,61001.0,2653.0,54796.0
17577.0,58252.0,29006.0,16985.0,33779.0,57603.0,61814.0,21891.0,29053.0,25524.0
26750.0,64033.0,19942.0,63734.0,52970.0,21915.0,30173.0,14627.0,63346.0,22207.0
66925.0,63414.0,67830.0,63680.0,46483.0,19870.0,44871.0,51961.0,53660.0,48727.0
4098.0,47767.0,941.0,7145.0,510.0,30242.0,47265.0,18279.0,53023.0,49442.0
14625.0,61770.0,21732.0,12084.0,7782.0,45722.0,14623.0,51836.0,45721.0,27489.0
26178.0,11939.0,42026.0,35456.0,1814.0,58792.0,4626.0,13495.0,61814.0,52744.0
61810.0,53304.0,28842.0,63791.0,44368.0,66004.0,49519.0,52537.0,50987.0,57180.0
48437.0,8867.0,44024.0,45829.0,9280.0,62052.0,17039.0,2359.0,39658.0,64075.0
47044.0,13862.0,29015.0,15064.0,46602.0,11923.0,59461.0,11932.0,46961.0,61055.0
54238.0,47352.0,4746.0,15471.0,15504.0,46985.0,14046.0,59475.0,15479.0,20422.0
3849.0,33186.0,16578.0,32735.0,38324.0,7196.0,54168.0,32777.0,37975.0,22201.0
63894.0,25702.0,36843.0,63286.0,6571.0,64405.0,47448.0,37140.0,63902.0,382.0
21417.0,46912.0,59622.0,44345.0,65040.0,51821.0,32936.0,7469.0,828.0,1737.0
8406.0,27536.0,50787.0,859.0,45353.0,58098.0,2265.0,39237.0,59173.0,37923.0
30216.0,52930.0,58608.0,38326.0,54231.0,22192.0,2282.0,14663.0,65848.0,63402.0
2630.0,61701.0,63342.0,16580.0,58250.0,67941.0,51782.0,55500.0,39990.0,4748.0
48244.0,1496.0,4740.0,62038.0,54802.0,263.0,1892.0,37569.0,57279.0,2651.0
63332.0,32608.0,7143.0,2757.0,32614.0,49011.0,67843.0,21108.0,26620.0,21932.0
42116.0,50481.0,29953.0,10217.0,4436.0,108.0,55047.0,21107.0,47515.0,24923.0
58136.0,16581.0,55200.0,42868.0,39500.0,22063.0,21683.0,17000.0,50624.0,53525.0
21950.0,29602.0,21919.0,14080.0,65916.0,1178.0,15515.0,29558.0,60672.0,59858.0
4831.0,63877.0,18427.0,3398.0,58336.0,55277.0,42934.0,1873.0,3889.0,67896.0
57106.0,40258.0,65942.0,41977.0,30913.0,66434.0,49673.0,22193.0,63341.0,58340.0
23397.0,31671.0,7177.0,50289.0,31784.0,7331.0,31820.0,27177.0,45168.0,36105.0
4034.0,51985.0,10479.0,2211.0,21799.0,2434.0,21147.0,44907.0,43494.0,4803.0
13582.0,33474.0,35717.0,1950.0,3399.0,20776.0,5888.0,57783.0,7336.0,29105.0
55199.0,31780.0,2677.0,42075.0,65060.0,48876.0,53424.0,7188.0,38119.0,32693.0
50821.0,65286.0,1997.0,45996.0,44272.0,35127.0,4473.0,16309.0,32845.0,51590.0
28113.0,2420.0,58009.0,51869.0,32735.0,60419.0,15363.0,24147.0,15392.0,63794.0
58373.0,13847.0,17042.0,4550.0,43456.0,25153.0,36881.0,64016.0,33901.0,55033.0
38191.0,2476.0,4684.0,2757.0,2231.0,39651.0,49458.0,37984.0,66141.0,37986.0
49603.0,57201.0,16329.0,58141.0,44798.0,5191.0,23216.0,56777.0,57964.0,58164.0
21525.0,36108.0,32696.0,40430.0,33008.0,32479.0,55681.0,2481.0,8808.0,63031.0
32783.0,9537.0,3461.0,35606.0,13474.0,13513.0,17049.0,13457.0,36539.0,29006.0
57258.0,65999.0,25228.0,22880.0,63286.0,52044.0,2033.0,60979.0,66919.0,50298.0
60831.0,41919.0,19840.0,16286.0,25721.0,66978.0,17038.0,16578.0,63995.0,33749.0
62475.0,33816.0,31741.0,38219.0,46603.0,51985.0,58779.0,30116.0,22253.0,36603.0
30806.0,22532.0,58599.0,30613.0,4879.0,61879.0,42014.0,44267.0,20959.0,42670.0
23553.0,36799.0,19713.0,35871.0,9927.0,14931.0,2074.0,51314.0,8164.0,12922.0
55401.0,7188.0,61745.0,36813.0,10465.0,62807.0,35672.0,57545.0,55390.0,31204.0
14596.0,15227.0,18968.0,56244.0,21905.0,63707.0,58767.0,15552.0,51998.0,53312.0
63278.0,15635.0,52985.0,13931.0,60516.0,22219.0,9754.0,12178.0,43443.0,23703.0
52238.0,53394.0,58347.0,30254.0,50823.0,52244.0,52218.0,52248.0,64968.0,4795.0
56291.0,49032.0,47050.0,42074.0,42326.0,14219.0,54207.0,61718.0,17043.0,45850.0
15464.0,29714.0,15544.0,15138.0,15511.0,20428.0,3296.0,54159.0,14678.0,15515.0
39244.0,22814.0,15217.0,46081.0,19017.0,13083.0,22577.0,5526.0,46745.0,35553.0
14085.0,6943.0,67699.0,13257.0,35124.0,24758.0,2036.0,67212.0,65986.0,66328.0
6640.0,62413.0,2412.0,31700.0,5657.0,67661.0,6932.0,49672.0,28763.0,48068.0
3643.0,7210.0,13447.0,1280.0,39819.0,23342.0,23330.0,12576.0,22742.0,17435.0
25289.0,16124.0,2791.0,63813.0,25243.0,48362.0,59912.0,25222.0,31056.0,4599.0
48627.0,66662.0,28329.0,58015.0,12002.0,25223.0,5602.0,54504.0,43306.0,19266.0
58135.0,38361.0,53611.0,56912.0,20531.0,64114.0,53584.0,34366.0,2998.0,63134.0
14097.0,60347.0,4405.0,12016.0,39716.0,49411.0,1794.0,28146.0,64835.0,21368.0
7994.0,28677.0,38214.0,49070.0,54087.0,31148.0,31901.0,67574.0,44250.0,42685.0
23377.0,29881.0,8548.0,60919.0,54024.0,5807.0,59314.0,18846.0,5747.0,59755.0
4541.0,49502.0,6113.0,29210.0,44837.0,47660.0,59282.0,47131.0,66585.0,67961.0
6766.0,36171.0,23219.0,17398.0,65812.0,34062.0,33072.0,34057.0,34105.0,17180.0
23185.0,55357.0,31936.0,2119.0,3732.0,37417.0,51097.0,62068.0,54698.0,59085.0
3120.0,63135.0,51108.0,49590.0,51905.0,51864.0,1712.0,43721.0,45488.0,30558.0
57694.0,37986.0,1824.0,33487.0,31775.0,49045.0,64081.0,12119.0,46619.0,12069.0
26731.0,2243.0,12103.0,63158.0,8827.0,60184.0,55361.0,3359.0,29172.0,63315.0
32492.0,41037.0,23583.0,158.0,60130.0,50812.0,3351.0,39452.0,57551.0,41370.0
24784.0,12355.0,32545.0,30609.0,31903.0,3724.0,55358.0,19615.0,60973.0,23293.0
21797.0,35460.0,37455.0,9569.0,65765.0,9701.0,31904.0,25882.0,37410.0,35642.0
7895.0,45104.0,31860.0,16689.0,17111.0,46903.0,27600.0,6829.0,29856.0,24343.0
30675.0,19660.0,64385.0,46116.0,30738.0,30743.0,27976.0,24017.0,10460.0,15163.0
41215.0,2213.0,2950.0,51740.0,4327.0,54747.0,4365.0,24148.0,54966.0,57093.0
64219.0,56425.0,46021.0,48744.0,67935.0,53155.0,19510.0,23509.0,27541.0,9429.0
26144.0,5358.0,1901.0,641.0,49357.0,20416.0,25813.0,10057.0,57741.0,20432.0
57944.0,39538.0,8082.0,63212.0,40800.0,7901.0,50089.0,5472.0,8058.0,8062.0
55351.0,48885.0,11799.0,28548.0,1969.0,25920.0,38319.0,47816.0,9515.0,11769.0
3067.0,20678.0,23570.0,60903.0,19095.0,53527.0,17430.0,35111.0,7477.0,7464.0
29644.0,13978.0,6706.0,12017.0,52342.0,55636.0,28813.0,22392.0,28424.0,22360.0
3334.0,40834.0,38435.0,21708.0,11445.0,17675.0,4468.0,17414.0,38484.0,57934.0
18660.0,8816.0,9767.0,51719.0,32269.0,8803.0,4744.0,43764.0,53769.0,58122.0
34120.0,13298.0,6917.0,16451.0,14270.0,39175.0,21553.0,39139.0,16365.0,14096.0
29153.0,54929.0,67633.0,51903.0,60367.0,46356.0,60382.0,50377.0,51910.0,60872.0
24158.0,4126.0,63114.0,29518.0,29485.0,29454.0,31239.0,16093.0,6652.0,51161.0
41391.0,22586.0,22831.0,29221.0,32224.0,25638.0,41998.0,49546.0,15690.0,404.0
4590.0,35877.0,9059.0,2828.0,21402.0,2781.0,30024.0,36381.0,2341.0,13127.0
1600.0,63198.0,24672.0,12399.0,42267.0,56655.0,39536.0,38952.0,47996.0,48008.0
41905.0,23217.0,60921.0,22787.0,48414.0,5663.0,59149.0,59583.0,41989.0,57899.0
34014.0,3732.0,58157.0,34446.0,3836.0,33905.0,2427.0,4688.0,58107.0,55357.0
62916.0,1865.0,7704.0,66367.0,3812.0,65755.0,52203.0,55094.0,14248.0,66357.0
66875.0,32541.0,48712.0,49426.0,33453.0,57719.0,16180.0,32512.0,36159.0,27826.0
42778.0,64826.0,2478.0,45741.0,36608.0,34107.0,65494.0,3295.0,33403.0,45722.0
21733.0,12036.0,59078.0,27458.0,55480.0,34156.0,5156.0,7740.0,7762.0,45351.0
27755.0,26909.0,27784.0,54605.0,27727.0,54373.0,59891.0,66622.0,39270.0,54413.0
66472.0,53550.0,47644.0,63134.0,54223.0,18801.0,5990.0,63879.0,36916.0,35001.0
17788.0,23959.0,61751.0,16364.0,47648.0,9234.0,21644.0,45470.0,11042.0,28916.0
51517.0,59822.0,38172.0,54990.0,37905.0,4635.0,59544.0,1826.0,32790.0,43713.0
58157.0,35154.0,39568.0,37425.0,54754.0,2336.0,67611.0,35509.0,59953.0,64039.0
31360.0,12142.0,54704.0,37379.0,21744.0,22840.0,24243.0,10190.0,18627.0,61082.0
63777.0,25876.0,35437.0,55871.0,61032.0,20652.0,3553.0,15429.0,33413.0,35308.0
12926.0,53395.0,30632.0,36798.0,31639.0,35729.0,1964.0,26255.0,9557.0,1784.0
19918.0,47244.0,56962.0,38229.0,62148.0,1428.0,47603.0,64107.0,40395.0,47604.0
25410.0,35649.0,16463.0,25429.0,7030.0,3244.0,7082.0,63232.0,24368.0,45279.0
3533.0,40453.0,12745.0,638.0,56012.0,3536.0,12743.0,13156.0,64302.0,12757.0
45062.0,7792.0,706.0,5294.0,62687.0,12009.0,56943.0,45749.0,5856.0,44302.0
20584.0,34476.0,6176.0,48097.0,32432.0,44292.0,20533.0,34423.0,2913.0,52595.0
10992.0,32532.0,51296.0,47250.0,12218.0,13032.0,11362.0,26521.0,49257.0,50444.0
11436.0,15896.0,11441.0,11100.0,39094.0,59913.0,34997.0,31846.0,738.0,17705.0
6053.0,14752.0,32561.0,32842.0,10209.0,13622.0,23491.0,39671.0,62223.0,11872.0
37276.0,22218.0,4059.0,19612.0,17133.0,35485.0,8534.0,37283.0,29401.0,30840.0
25668.0,25918.0,12900.0,14840.0,18573.0,16098.0,5487.0,17724.0,36273.0,43943.0
28270.0,31968.0,23048.0,23835.0,45279.0,1093.0,16464.0,26021.0,55717.0,35037.0
13641.0,49349.0,2670.0,1916.0,41998.0,8676.0,46402.0,3818.0,8748.0,3524.0
27977.0,61139.0,20895.0,13461.0,58809.0,14980.0,55700.0,37093.0,50695.0,20460.0
15636.0,15086.0,27738.0,32285.0,5222.0,40526.0,27759.0,30045.0,17313.0,16925.0
5618.0,36236.0,60949.0,63503.0,60107.0,13879.0,19093.0,45382.0,4359.0,6867.0
43739.0,42892.0,5254.0,55254.0,5159.0,4241.0,59397.0,2303.0,3617.0,4709.0
60097.0,46689.0,34951.0,66052.0,9718.0,36084.0,5611.0,48422.0,2112.0,26465.0
30589.0,37552.0,10603.0,61978.0,5196.0,41365.0,63468.0,43443.0,56880.0,11788.0
9043.0,8992.0,19361.0,40791.0,6955.0,20926.0,39874.0,19415.0,29431.0,7332.0
43290.0,64280.0,38595.0,26158.0,12779.0,64735.0,36158.0,15703.0,7210.0,4658.0
39134.0,39159.0,39180.0,22781.0,5699.0,41125.0,13172.0,22824.0,22504.0,39173.0
65183.0,59221.0,13191.0,50950.0,39158.0,13292.0,39159.0,8521.0,29681.0,46033.0
12711.0,47251.0,46421.0,64318.0,15116.0,15736.0,8920.0,13340.0,5532.0,46431.0
25681.0,22439.0,43453.0,1491.0,21680.0,58296.0,66404.0,1775.0,4696.0,48726.0
56581.0,57212.0,7784.0,1685.0,12032.0,16571.0,4166.0,3585.0,65260.0,1318.0
4326.0,7934.0,51992.0,9535.0,63091.0,31952.0,21617.0,6646.0,49529.0,36574.0
30628.0,51884.0,64070.0,9175.0,66420.0,3223.0,30671.0,33886.0,39387.0,9212.0
32984.0,41340.0,58819.0,6991.0,8746.0,15084.0,1400.0,48886.0,60416.0,5569.0
29852.0,37644.0,48587.0,38467.0,1503.0,45090.0,37221.0,55343.0,66485.0,52377.0
5155.0,51061.0,37672.0,52899.0,58365.0,33533.0,46561.0,17583.0,10078.0,37155.0
47564.0,53538.0,64989.0,14327.0,59615.0,45264.0,17640.0,37615.0,4674.0,16840.0
39659.0,64871.0,46912.0,22601.0,8651.0,3080.0,3060.0,1666.0,25077.0,51821.0
47558.0,21674.0,55662.0,7927.0,2095.0,53022.0,56074.0,7969.0,52442.0,54988.0
18066.0,45402.0,47492.0,26180.0,31623.0,13471.0,7361.0,22003.0,1411.0,13662.0
5045.0,51187.0,55032.0,44722.0,46917.0,21647.0,30618.0,23524.0,33773.0,17583.0
2353.0,40754.0,7232.0,36372.0,31912.0,1779.0,49010.0,38479.0,60140.0,12103.0
9062.0,24617.0,3025.0,10272.0,67004.0,54676.0,7223.0,57835.0,2432.0,56208.0
46054.0,23278.0,61544.0,52464.0,3739.0,49040.0,53062.0,21618.0,41930.0,47428.0
65253.0,5320.0,48995.0,54776.0,43758.0,43708.0,50348.0,53837.0,43715.0,54966.0
31795.0,46573.0,718.0,44191.0,48941.0,26941.0,31808.0,4598.0,55049.0,53697.0
67912.0,54768.0,51828.0,36771.0,58547.0,54769.0,38168.0,588.0,34926.0,38247.0
54966.0,50369.0,57289.0,7760.0,23254.0,4365.0,12067.0,46015.0,23274.0,50348.0
999.0,66926.0,62908.0,45952.0,55025.0,12811.0,17143.0,17643.0,22131.0,26159.0
7935.0,66926.0,47532.0,31709.0,35850.0,43816.0,27836.0,22131.0,10598.0,32711.0
66115.0,45894.0,62922.0,35575.0,30359.0,54231.0,30302.0,60746.0,38326.0,10862.0
13521.0,31550.0,32752.0,17014.0,30343.0,13855.0,6471.0,26133.0,24076.0,26134.0
60646.0,3428.0,66109.0,62955.0,59484.0,57390.0,57293.0,47439.0,58797.0,15469.0
57308.0,63669.0,40854.0,53795.0,58837.0,54186.0,60411.0,60408.0,60438.0,61784.0
31301.0,23774.0,42162.0,24303.0,7116.0,64255.0,14099.0,27528.0,51040.0,50623.0
277.0,12410.0,2099.0,65932.0,27192.0,11082.0,44600.0,12811.0,49520.0,33480.0
63971.0,44738.0,52942.0,507.0,53677.0,56802.0,57674.0,10862.0,3420.0,34598.0
22180.0,3406.0,40011.0,30216.0,66856.0,4663.0,7247.0,6313.0,22192.0,51201.0
60824.0,18419.0,10404.0,32855.0,18033.0,2698.0,51243.0,23620.0,9544.0,17060.0
48442.0,42238.0,26726.0,21196.0,49317.0,53008.0,8823.0,59600.0,18243.0,53011.0
516.0,744.0,21897.0,25532.0,34977.0,42664.0,16982.0,3734.0,28161.0,541.0
25860.0,16829.0,12610.0,33221.0,63594.0,31031.0,43919.0,44758.0,11906.0,35478.0
5322.0,19880.0,50984.0,21724.0,881.0,57251.0,55770.0,21655.0,2639.0,66856.0
63971.0,56802.0,500.0,3997.0,34598.0,55342.0,30335.0,13872.0,44738.0,42344.0
3993.0,13887.0,44903.0,2490.0,12263.0,3897.0,22030.0,13588.0,27216.0,28608.0
64068.0,36039.0,16503.0,21953.0,17043.0,45850.0,47463.0,30135.0,8935.0,57883.0
2498.0,2470.0,55508.0,6549.0,2365.0,55536.0,54796.0,46051.0,52999.0,61697.0
63386.0,55047.0,21702.0,21107.0,56214.0,52975.0,34532.0,63746.0,62886.0,4436.0
33939.0,32744.0,20397.0,44923.0,51362.0,33946.0,14132.0,20400.0,15840.0,11570.0
13751.0,51766.0,17034.0,1481.0,17209.0,17064.0,57683.0,36815.0,30345.0,47500.0
29019.0,30141.0,56342.0,40020.0,51177.0,38317.0,30359.0,59674.0,59435.0,32732.0
32614.0,21932.0,372.0,134.0,49011.0,33145.0,7705.0,43990.0,60211.0,1431.0
52966.0,504.0,3734.0,10859.0,34977.0,21897.0,10862.0,62909.0,531.0,744.0
62929.0,66058.0,56404.0,57402.0,270.0,3410.0,4695.0,62900.0,25374.0,60770.0
55766.0,55678.0,42278.0,3994.0,38020.0,61574.0,23829.0,49091.0,4692.0,175.0
55733.0,540.0,51597.0,2288.0,60733.0,29632.0,33837.0,32694.0,2617.0,27412.0
48942.0,16581.0,53525.0,54546.0,55497.0,30341.0,6288.0,39989.0,55051.0,21737.0
47500.0,38538.0,63437.0,47450.0,40334.0,64211.0,44913.0,1481.0,257.0,10522.0
30323.0,30145.0,6472.0,35554.0,63687.0,59447.0,36523.0,35583.0,66564.0,44874.0
564.0,52910.0,14355.0,47446.0,53446.0,17019.0,32620.0,19849.0,522.0,525.0
29003.0,57599.0,21877.0,29010.0,22203.0,25720.0,40320.0,60618.0,64025.0,42299.0
21900.0,47466.0,52269.0,25578.0,4097.0,56341.0,30145.0,47446.0,30323.0,48224.0
22186.0,38326.0,25639.0,38047.0,35554.0,52961.0,25720.0,66564.0,62411.0,32670.0
58035.0,60712.0,34903.0,6278.0,6277.0,27475.0,60713.0,32604.0,18771.0,549.0
19204.0,3446.0,1463.0,154.0,3997.0,25639.0,10848.0,56802.0,25764.0,55043.0
63162.0,67945.0,35626.0,6549.0,57694.0,61052.0,56178.0,54535.0,16517.0,8148.0
65857.0,57260.0,29019.0,21163.0,65349.0,3443.0,57403.0,21737.0,38218.0,33774.0
34593.0,34977.0,10859.0,48805.0,112.0,587.0,54209.0,54931.0,21878.0,53679.0
2300.0,63747.0,47618.0,55542.0,47595.0,45373.0,2381.0,61748.0,65568.0,58045.0
55353.0,16646.0,43552.0,37250.0,54549.0,29737.0,59194.0,51913.0,65878.0,40021.0
1021.0,65222.0,40962.0,49044.0,20794.0,58237.0,55332.0,66549.0,67899.0,118.0
32772.0,54300.0,54279.0,16557.0,46596.0,65791.0,60740.0,38778.0,62251.0,57619.0
57325.0,34010.0,66173.0,27704.0,58506.0,41084.0,49207.0,48480.0,67650.0,39462.0
44971.0,34653.0,46508.0,40966.0,39932.0,21181.0,58591.0,39451.0,40239.0,37993.0
59503.0,40958.0,43938.0,570.0,33746.0,10130.0,7308.0,24904.0,40483.0,61049.0
45393.0,30322.0,51620.0,31776.0,48887.0,41894.0,57221.0,37971.0,29054.0,4097.0
57674.0,595.0,44761.0,49653.0,542.0,519.0,32694.0,2288.0,35555.0,66872.0
574.0,578.0,54209.0,54931.0,34977.0,504.0,28152.0,21897.0,21878.0,48952.0
574.0,540.0,541.0,57674.0,504.0,42225.0,35555.0,516.0,30335.0,66946.0
13494.0,66989.0,10550.0,6419.0,57401.0,24921.0,54915.0,10584.0,17826.0,25926.0
1553.0,17005.0,64947.0,13457.0,56904.0,37183.0,671.0,13458.0,52040.0,6471.0
598.0,57675.0,44203.0,32832.0,35595.0,57788.0,44182.0,2209.0,42329.0,56232.0
18518.0,2353.0,40953.0,64920.0,7232.0,12043.0,31376.0,60883.0,64103.0,46432.0
43444.0,33083.0,1523.0,65408.0,7793.0,2723.0,13179.0,14179.0,1696.0,67777.0
46488.0,32665.0,9955.0,1483.0,32638.0,2219.0,56158.0,805.0,55587.0,55603.0
3424.0,14300.0,59619.0,175.0,46981.0,66156.0,58035.0,47594.0,21163.0,21752.0
12389.0,24779.0,44286.0,49411.0,14926.0,34694.0,21022.0,12922.0,2813.0,9466.0
47376.0,66025.0,47380.0,67913.0,57177.0,27524.0,67467.0,27447.0,51708.0,32685.0
35569.0,8809.0,23739.0,37326.0,34860.0,67744.0,37345.0,37169.0,34548.0,60754.0
27030.0,20503.0,15476.0,30955.0,57618.0,7337.0,57724.0,33467.0,30868.0,35934.0
63684.0,57416.0,33136.0,58648.0,41887.0,13531.0,22248.0,21910.0,21652.0,56339.0
7155.0,56614.0,6455.0,22011.0,1997.0,65286.0,55489.0,4871.0,545.0,49651.0
1802.0,1739.0,2768.0,37153.0,7282.0,58295.0,1565.0,4328.0,3883.0,24161.0
271.0,19185.0,10260.0,39708.0,57799.0,65994.0,13925.0,37722.0,28129.0,45142.0
51482.0,3729.0,14357.0,38208.0,27489.0,61701.0,62030.0,49533.0,4651.0,54982.0
54182.0,29001.0,16265.0,29010.0,58608.0,32600.0,22203.0,32774.0,58593.0,57599.0
59904.0,37714.0,16588.0,40975.0,21197.0,32657.0,47526.0,47625.0,63667.0,32596.0
4547.0,57088.0,17209.0,36540.0,57264.0,47033.0,51210.0,1481.0,513.0,47500.0
2244.0,7143.0,60182.0,65217.0,12044.0,39463.0,64097.0,7796.0,50319.0,49522.0
32678.0,63409.0,17576.0,37995.0,32753.0,45864.0,63748.0,7308.0,40951.0,31143.0
523.0,52910.0,47446.0,14355.0,19849.0,54182.0,53446.0,21900.0,17019.0,525.0
43938.0,16986.0,64967.0,17045.0,41183.0,36758.0,35554.0,57699.0,51437.0,33746.0
54741.0,27475.0,67867.0,66126.0,49446.0,27476.0,14221.0,35573.0,59611.0,48777.0
55764.0,56629.0,60176.0,30559.0,40395.0,46054.0,54779.0,1428.0,30534.0,54929.0
2256.0,2498.0,27509.0,45835.0,60184.0,37984.0,38209.0,38190.0,47613.0,6512.0
5145.0,43747.0,4737.0,7779.0,65235.0,4253.0,33269.0,7293.0,58217.0,4218.0
538.0,59503.0,183.0,58531.0,40958.0,27411.0,150.0,43938.0,10130.0,67861.0
54572.0,53403.0,30245.0,55572.0,26735.0,7723.0,55467.0,49442.0,38194.0,52887.0
40326.0,311.0,57604.0,61149.0,66123.0,52251.0,54319.0,3432.0,32699.0,56759.0
14692.0,48698.0,60166.0,62761.0,60924.0,13956.0,61043.0,21441.0,54800.0,10136.0
541.0,542.0,50567.0,504.0,578.0,21897.0,348.0,28161.0,516.0,540.0
30234.0,53036.0,55750.0,7201.0,360.0,25546.0,52275.0,398.0,58610.0,53433.0
55233.0,47482.0,58252.0,13853.0,29006.0,21891.0,35106.0,35459.0,17035.0,19887.0
60881.0,47521.0,54799.0,60018.0,10123.0,66347.0,37414.0,54003.0,31998.0,21143.0
64945.0,541.0,53702.0,8435.0,59488.0,37944.0,7411.0,54209.0,54931.0,55044.0
1476.0,34553.0,55029.0,52900.0,13872.0,37940.0,1411.0,16982.0,51210.0,66991.0
590.0,3921.0,60743.0,42328.0,30307.0,3868.0,30340.0,47481.0,39378.0,19919.0
62921.0,322.0,180.0,21755.0,7245.0,51150.0,4471.0,248.0,51048.0,29950.0
32630.0,55467.0,67941.0,61701.0,40000.0,54752.0,370.0,27494.0,45834.0,55500.0
22176.0,50617.0,1410.0,21746.0,2647.0,63962.0,6423.0,38701.0,18433.0,6525.0
30308.0,44338.0,42026.0,38177.0,21937.0,30312.0,50591.0,63057.0,61233.0,57716.0
57788.0,32832.0,21655.0,21347.0,320.0,30183.0,46966.0,21946.0,46643.0,57521.0
58595.0,22004.0,45177.0,22024.0,51186.0,59472.0,14364.0,32814.0,58357.0,7342.0
57298.0,34593.0,54289.0,49016.0,53679.0,30191.0,48805.0,66836.0,62978.0,47481.0
54768.0,59660.0,7758.0,64023.0,49533.0,52000.0,62030.0,67912.0,58204.0,490.0
57751.0,21966.0,54168.0,42917.0,46642.0,48440.0,122.0,52106.0,34902.0,38218.0
60743.0,580.0,30180.0,14220.0,19919.0,56346.0,39378.0,47481.0,35608.0,103.0
42013.0,67023.0,29916.0,42208.0,59890.0,32767.0,356.0,28976.0,63915.0,3735.0
19870.0,51213.0,28965.0,24836.0,60282.0,19900.0,46657.0,12604.0,1735.0,63414.0
1428.0,46054.0,43734.0,55674.0,54779.0,7787.0,64107.0,47244.0,43747.0,47563.0
39407.0,54739.0,55483.0,67923.0,60322.0,39445.0,54975.0,47560.0,47535.0,2634.0
540.0,22052.0,49653.0,32809.0,16524.0,2288.0,51213.0,66872.0,57674.0,10499.0
47463.0,39992.0,41960.0,39506.0,37137.0,7604.0,4081.0,15497.0,50684.0,3982.0
305.0,54277.0,19881.0,63736.0,57301.0,60968.0,57296.0,54235.0,21891.0,598.0
63662.0,57675.0,60244.0,42329.0,19881.0,35595.0,42328.0,38175.0,6310.0,41893.0
28117.0,59664.0,5624.0,37217.0,17527.0,30659.0,61908.0,37228.0,17836.0,56268.0
49599.0,63530.0,7932.0,42960.0,47235.0,35293.0,44538.0,65581.0,42240.0,7220.0
35903.0,27887.0,49034.0,43500.0,10122.0,10141.0,55535.0,45761.0,20946.0,46732.0
4162.0,848.0,54723.0,37011.0,55578.0,10124.0,16696.0,37014.0,58540.0,18284.0
38206.0,10161.0,65581.0,53010.0,42960.0,49603.0,59727.0,53015.0,31740.0,56785.0
43334.0,54793.0,55566.0,63726.0,22241.0,47786.0,25671.0,39423.0,67837.0,55525.0
51261.0,32647.0,57551.0,65198.0,18430.0,53018.0,47167.0,6512.0,24126.0,6319.0
773.0,39467.0,67865.0,27157.0,12030.0,22202.0,50297.0,3969.0,67366.0,1584.0
58610.0,51862.0,7201.0,5025.0,25546.0,55182.0,50328.0,945.0,31826.0,42223.0
47013.0,807.0,58683.0,15186.0,37891.0,13349.0,871.0,16228.0,11472.0,60480.0
18049.0,57713.0,26680.0,37171.0,32345.0,66986.0,22100.0,47475.0,65190.0,47512.0
4412.0,9297.0,4964.0,43862.0,31416.0,24786.0,11159.0,44548.0,39509.0,32875.0
19843.0,13274.0,7130.0,23256.0,25526.0,20358.0,54718.0,38260.0,21120.0,31347.0
37365.0,66093.0,52008.0,62915.0,2189.0,56394.0,34904.0,7261.0,55684.0,30629.0
27686.0,35483.0,33112.0,44678.0,59057.0,65984.0,14742.0,23118.0,61369.0,24511.0
62087.0,34446.0,437.0,31915.0,38484.0,8858.0,10510.0,22107.0,13979.0,6723.0
12115.0,49443.0,5153.0,52008.0,66093.0,17446.0,47779.0,12085.0,2473.0,62078.0
37913.0,29996.0,37421.0,46311.0,8819.0,2711.0,63802.0,13609.0,37938.0,30005.0
19686.0,35075.0,48059.0,53764.0,40562.0,4920.0,39666.0,35448.0,36680.0,31944.0
1386.0,65258.0,45746.0,18225.0,23334.0,5355.0,3577.0,14625.0,32690.0,45863.0
20389.0,39523.0,62239.0,38322.0,21105.0,54242.0,25592.0,15254.0,20392.0,3912.0
30730.0,21508.0,49350.0,64382.0,27915.0,17435.0,30716.0,4072.0,46849.0,661.0
59870.0,64338.0,32947.0,16048.0,7916.0,28706.0,58026.0,55784.0,21428.0,57120.0
51362.0,24196.0,9328.0,512.0,33726.0,68001.0,20397.0,50886.0,46328.0,59652.0
7749.0,21720.0,56811.0,43057.0,26999.0,62991.0,4492.0,33604.0,37877.0,21171.0
65697.0,63789.0,39446.0,10623.0,44954.0,29919.0,36954.0,37463.0,9289.0,16949.0
63671.0,40784.0,3955.0,52271.0,25633.0,30300.0,56283.0,30274.0,52225.0,56281.0
6666.0,50150.0,65648.0,51348.0,2141.0,67977.0,15974.0,28577.0,34918.0,34359.0
57352.0,32796.0,40044.0,30000.0,17746.0,27065.0,51146.0,46295.0,11191.0,23855.0
59621.0,3498.0,40817.0,3367.0,66165.0,43701.0,6919.0,17803.0,65339.0,1077.0
40504.0,46516.0,917.0,34551.0,1427.0,25607.0,25692.0,64322.0,35301.0,62970.0
16149.0,64262.0,66940.0,13656.0,30243.0,27912.0,5367.0,39829.0,59214.0,33873.0
21618.0,7761.0,61658.0,52464.0,54945.0,23278.0,42349.0,61875.0,42229.0,54775.0
1320.0,37059.0,56997.0,44562.0,56662.0,35338.0,67246.0,22230.0,65379.0,9347.0
67823.0,40952.0,49343.0,1809.0,43125.0,37125.0,51570.0,53385.0,4439.0,57105.0
20646.0,22984.0,34164.0,6599.0,17719.0,26467.0,21180.0,60688.0,11134.0,20631.0
63961.0,67872.0,144.0,46430.0,56410.0,44346.0,37262.0,54740.0,900.0,51149.0
16131.0,41367.0,34056.0,41361.0,54863.0,5244.0,41357.0,23229.0,4407.0,13091.0
17421.0,6574.0,63270.0,13028.0,16933.0,22374.0,17690.0,41751.0,24567.0,19698.0
1230.0,3533.0,20201.0,12714.0,12725.0,67957.0,1390.0,55979.0,2788.0,41397.0
10168.0,10204.0,1522.0,10135.0,10120.0,5273.0,10136.0,43604.0,4685.0,47729.0
15364.0,49552.0,61178.0,52112.0,30713.0,34320.0,32377.0,54664.0,24539.0,48555.0
5358.0,24249.0,8697.0,49357.0,19036.0,26144.0,36569.0,23481.0,33209.0,16444.0
36491.0,5178.0,5733.0,31749.0,33526.0,8404.0,60361.0,7297.0,42189.0,43570.0
16244.0,12624.0,36684.0,45338.0,51116.0,56879.0,27894.0,23171.0,61646.0,55577.0
58065.0,43508.0,18617.0,49506.0,65974.0,13171.0,31887.0,67598.0,67839.0,27637.0
39304.0,33403.0,7605.0,45771.0,3687.0,33380.0,4591.0,35393.0,64798.0,42757.0
31256.0,64989.0,66463.0,11050.0,58817.0,59213.0,48334.0,63548.0,63143.0,3613.0
22587.0,22927.0,33173.0,8994.0,12746.0,19627.0,5775.0,29635.0,20881.0,43320.0
44349.0,3642.0,3300.0,20099.0,19571.0,59919.0,47274.0,64116.0,12180.0,32007.0
7992.0,58871.0,58892.0,58899.0,21970.0,58932.0,58904.0,45020.0,58877.0,45367.0
27824.0,21304.0,12683.0,33440.0,56383.0,45196.0,49367.0,35742.0,46872.0,51092.0
2002.0,1239.0,45617.0,3575.0,64799.0,46273.0,3654.0,55993.0,11701.0,1523.0
61842.0,36217.0,24171.0,14156.0,13353.0,8657.0,10474.0,44981.0,55236.0,30715.0
15051.0,55936.0,38549.0,41021.0,34184.0,317.0,21717.0,21736.0,60033.0,5237.0
25295.0,37928.0,27395.0,15148.0,64894.0,31688.0,20953.0,31708.0,9456.0,29395.0
20131.0,2324.0,8640.0,64822.0,24470.0,779.0,51638.0,64855.0,61195.0,24469.0
49429.0,53407.0,13117.0,33402.0,4819.0,702.0,66199.0,51058.0,31687.0,56881.0
42251.0,56408.0,28021.0,30539.0,3157.0,60368.0,59512.0,25158.0,63559.0,17747.0
13146.0,29428.0,37097.0,13161.0,14073.0,16212.0,24001.0,39699.0,2530.0,15784.0
34966.0,66487.0,31326.0,62580.0,30543.0,9608.0,4833.0,67844.0,44300.0,66781.0
32699.0,572.0,61069.0,42324.0,13531.0,54319.0,40326.0,64006.0,57604.0,40609.0
3526.0,30716.0,64382.0,15127.0,12760.0,5585.0,27915.0,12749.0,3566.0,3677.0
26109.0,33227.0,36336.0,5382.0,13595.0,6397.0,24440.0,25840.0,57568.0,25129.0
46588.0,23825.0,47012.0,35850.0,44935.0,48873.0,23818.0,11197.0,61231.0,30097.0
45061.0,40030.0,2421.0,42035.0,12096.0,9622.0,57091.0,1577.0,48917.0,63313.0
29244.0,53409.0,65980.0,23771.0,35368.0,55253.0,62153.0,25682.0,53873.0,119.0
32477.0,23091.0,57901.0,34254.0,31924.0,46473.0,31932.0,56529.0,6137.0,30789.0
56486.0,43704.0,62399.0,62404.0,30372.0,16167.0,62395.0,33580.0,698.0,39345.0
47484.0,21766.0,16053.0,31998.0,11083.0,47518.0,2243.0,22729.0,31945.0,26557.0
45425.0,32742.0,18417.0,33591.0,32509.0,27701.0,45341.0,18420.0,9660.0,34603.0
62834.0,23541.0,22272.0,46312.0,16199.0,5764.0,42874.0,23709.0,47801.0,2265.0
23868.0,23872.0,13458.0,54229.0,22689.0,13496.0,24076.0,13482.0,45837.0,26170.0
40957.0,32306.0,25674.0,24223.0,28966.0,33462.0,29892.0,32712.0,29908.0,42862.0
22430.0,786.0,10538.0,23650.0,13526.0,10542.0,13494.0,7368.0,17642.0,13536.0
4377.0,3437.0,911.0,998.0,47487.0,47517.0,45405.0,3421.0,62896.0,23845.0
37666.0,21347.0,46643.0,30146.0,30183.0,14989.0,2279.0,30303.0,18118.0,30125.0
44661.0,16098.0,1093.0,24537.0,7082.0,30466.0,33574.0,39519.0,3710.0,8493.0
43051.0,62313.0,56464.0,43640.0,62309.0,56528.0,62389.0,15588.0,35197.0,39889.0
62716.0,39952.0,37472.0,15274.0,62567.0,60146.0,32447.0,67126.0,59721.0,58569.0
53547.0,45334.0,33442.0,43242.0,36599.0,63824.0,38793.0,36169.0,29544.0,14612.0
43352.0,23253.0,45581.0,4523.0,5273.0,66965.0,40262.0,39357.0,63813.0,40613.0
63372.0,47816.0,22961.0,32579.0,22941.0,30930.0,17040.0,6354.0,10418.0,46822.0
58080.0,44463.0,37057.0,14565.0,8242.0,20329.0,55421.0,2538.0,29672.0,5799.0
49023.0,5630.0,18526.0,26294.0,68009.0,51739.0,9237.0,12006.0,28240.0,5960.0
141.0,40269.0,35573.0,48777.0,1419.0,18767.0,8801.0,2351.0,21710.0,67458.0
3774.0,8846.0,40959.0,33845.0,4440.0,35470.0,67371.0,2410.0,51810.0,39413.0
66964.0,31244.0,47495.0,63749.0,57723.0,56562.0,44199.0,23066.0,46968.0,31147.0
9880.0,63483.0,67435.0,46576.0,62248.0,59398.0,65212.0,49539.0,3413.0,63174.0
21988.0,40988.0,52933.0,12287.0,40970.0,32609.0,58596.0,67853.0,25779.0,52927.0
22011.0,16309.0,65286.0,7201.0,50821.0,56407.0,16286.0,2605.0,41919.0,49651.0
65184.0,19792.0,8237.0,16519.0,15323.0,9486.0,66463.0,11000.0,29331.0,60916.0
51435.0,3475.0,45317.0,989.0,53797.0,966.0,63669.0,953.0,61784.0,62955.0
48224.0,56411.0,64032.0,29054.0,56341.0,47453.0,40623.0,31776.0,47466.0,33208.0
55159.0,4707.0,59470.0,40880.0,41953.0,58791.0,30316.0,36472.0,53724.0,65359.0
25642.0,56338.0,11856.0,50563.0,52974.0,49240.0,18856.0,45300.0,40563.0,39891.0
47538.0,22952.0,56370.0,699.0,67922.0,63964.0,1832.0,8374.0,4360.0,11071.0
37329.0,37330.0,37291.0,53333.0,67869.0,37360.0,37318.0,37314.0,37305.0,928.0
7151.0,65863.0,60397.0,32720.0,986.0,66113.0,35577.0,54257.0,29033.0,64925.0
7968.0,34535.0,22722.0,56486.0,24833.0,667.0,62962.0,32402.0,62401.0,62404.0
56370.0,22952.0,1832.0,63964.0,47538.0,695.0,11071.0,33556.0,67922.0,34936.0
13910.0,14533.0,8230.0,17715.0,12301.0,45409.0,17374.0,18602.0,28649.0,55876.0
12912.0,7386.0,7377.0,7935.0,19233.0,11781.0,27836.0,717.0,37674.0,31709.0
37476.0,50805.0,64303.0,18403.0,53407.0,1506.0,22902.0,25775.0,37565.0,48740.0
1309.0,26773.0,63901.0,32419.0,62267.0,16798.0,31755.0,32281.0,42858.0,12731.0
64530.0,16659.0,66927.0,47532.0,57401.0,44935.0,17826.0,17825.0,47036.0,19196.0
33928.0,6122.0,3522.0,49185.0,67989.0,18380.0,1930.0,17110.0,41033.0,40595.0
62687.0,12521.0,41946.0,58111.0,46722.0,35972.0,61884.0,52413.0,453.0,67241.0
54359.0,31126.0,43528.0,54945.0,43647.0,47168.0,53554.0,31104.0,1711.0,61789.0
22999.0,13189.0,10559.0,37850.0,40594.0,27428.0,38248.0,46105.0,35949.0,11064.0
722.0,25633.0,63671.0,40784.0,625.0,38548.0,20354.0,62945.0,3955.0,31547.0
18782.0,34556.0,56806.0,35422.0,62975.0,25933.0,37179.0,45901.0,23162.0,56803.0
53333.0,35328.0,43688.0,44279.0,42101.0,43819.0,177.0,37330.0,31578.0,67869.0
23843.0,23822.0,39882.0,32345.0,60770.0,37899.0,33662.0,51206.0,57348.0,60255.0
17077.0,975.0,59455.0,4243.0,52294.0,50850.0,43851.0,29838.0,52261.0,59528.0
10517.0,13483.0,20449.0,13476.0,46991.0,26179.0,13465.0,27021.0,13475.0,57316.0
19930.0,27412.0,4552.0,918.0,156.0,39897.0,51205.0,4238.0,38025.0,4594.0
61147.0,38581.0,1570.0,65638.0,49742.0,49740.0,66824.0,1994.0,27402.0,59464.0
19233.0,12912.0,736.0,7410.0,701.0,7377.0,66927.0,64946.0,32711.0,7386.0
4598.0,7362.0,7343.0,35456.0,48941.0,31795.0,36529.0,59088.0,7334.0,58632.0
3964.0,48956.0,62950.0,58821.0,61828.0,53795.0,29603.0,20340.0,3463.0,60411.0
41143.0,56701.0,43115.0,4994.0,10820.0,39788.0,40561.0,43089.0,67456.0,39785.0
52890.0,24224.0,37174.0,12264.0,23681.0,59191.0,12978.0,13748.0,40592.0,7391.0
709.0,63671.0,40784.0,25633.0,38548.0,625.0,62945.0,52955.0,20354.0,56281.0
50851.0,48206.0,48263.0,64461.0,58774.0,46250.0,26932.0,51028.0,58771.0,26931.0
43635.0,43675.0,48211.0,64434.0,61025.0,60051.0,3495.0,930.0,61061.0,21981.0
40331.0,1318.0,45723.0,39428.0,50350.0,44539.0,42205.0,47622.0,3193.0,35118.0
28347.0,49354.0,32225.0,20766.0,17686.0,3714.0,7412.0,26852.0,43556.0,23636.0
35656.0,10325.0,3844.0,22169.0,29405.0,59197.0,7338.0,12264.0,4908.0,52082.0
60332.0,55543.0,49693.0,52330.0,55307.0,6702.0,14760.0,2495.0,22870.0,67082.0
52923.0,57226.0,10517.0,59433.0,13508.0,17076.0,27437.0,57262.0,13475.0,15012.0
62901.0,284.0,34569.0,34566.0,62918.0,990.0,905.0,991.0,3479.0,62965.0
60750.0,2633.0,54259.0,66969.0,13509.0,13518.0,13479.0,57896.0,32840.0,59088.0
48966.0,8374.0,24893.0,21166.0,8839.0,35771.0,56491.0,11071.0,14238.0,22952.0
13916.0,2575.0,48872.0,34877.0,17355.0,21419.0,28428.0,2561.0,42942.0,30845.0
15110.0,15150.0,27780.0,22759.0,25667.0,9344.0,16784.0,15125.0,4832.0,5582.0
42677.0,62515.0,17450.0,50037.0,1088.0,53900.0,65690.0,61047.0,58490.0,54409.0
66927.0,63169.0,31244.0,7386.0,31147.0,12912.0,44935.0,27836.0,19233.0,717.0
20411.0,20831.0,31284.0,24062.0,27581.0,29254.0,31509.0,23416.0,45105.0,24050.0
34200.0,39767.0,39094.0,26331.0,15874.0,6002.0,39813.0,22323.0,34997.0,456.0
47302.0,48140.0,28748.0,67936.0,28344.0,6244.0,7706.0,27550.0,58230.0,20261.0
5219.0,20257.0,15662.0,28425.0,19511.0,64740.0,1309.0,51129.0,32287.0,32302.0
61346.0,58469.0,41490.0,61337.0,61281.0,10040.0,61258.0,17722.0,41234.0,35036.0
43691.0,66509.0,9659.0,34623.0,58583.0,51671.0,9814.0,9324.0,27233.0,22127.0
19329.0,28179.0,5261.0,9088.0,12897.0,34013.0,67789.0,57934.0,30621.0,30664.0
23668.0,64945.0,16982.0,504.0,62909.0,13525.0,63679.0,8435.0,7411.0,25532.0
40463.0,56001.0,20322.0,40511.0,17563.0,1297.0,15155.0,15912.0,1400.0,41332.0
61913.0,44911.0,56538.0,41994.0,23975.0,4860.0,4699.0,26959.0,42787.0,9497.0
3508.0,29085.0,34085.0,67951.0,4367.0,4599.0,4523.0,13151.0,33542.0,16126.0
31929.0,1325.0,13838.0,32016.0,26327.0,65030.0,6867.0,45115.0,28395.0,31951.0
245.0,52978.0,32625.0,55948.0,10226.0,37325.0,57358.0,21186.0,42109.0,917.0
47434.0,42080.0,21549.0,43282.0,1445.0,18296.0,18319.0,36470.0,43279.0,46264.0
15297.0,13588.0,44192.0,27216.0,23121.0,5158.0,16948.0,18090.0,63918.0,19646.0
64789.0,34040.0,29146.0,2781.0,5217.0,35877.0,50766.0,37934.0,23782.0,34096.0
64069.0,37097.0,42715.0,658.0,66463.0,67579.0,63644.0,58817.0,43399.0,58034.0
937.0,908.0,771.0,43694.0,51669.0,62336.0,10232.0,39904.0,62923.0,996.0
52914.0,64509.0,1866.0,60759.0,1772.0,62983.0,5011.0,2235.0,6332.0,32648.0
60882.0,40725.0,3781.0,33345.0,1591.0,41718.0,40726.0,7951.0,34037.0,47760.0
60882.0,40646.0,40712.0,40658.0,40647.0,1801.0,39476.0,41718.0,40653.0,40654.0
46249.0,24128.0,4718.0,1208.0,44184.0,49437.0,38137.0,7186.0,3537.0,3674.0
55349.0,57054.0,46481.0,51124.0,63828.0,53370.0,25739.0,48387.0,4872.0,33469.0
33259.0,15379.0,63878.0,32937.0,66456.0,13989.0,18394.0,844.0,14950.0,24779.0
10189.0,52703.0,6117.0,18632.0,42784.0,6000.0,51412.0,6483.0,39648.0,51198.0
43692.0,9759.0,37525.0,65352.0,9324.0,34848.0,31492.0,39343.0,9814.0,40014.0
21158.0,47484.0,55643.0,25940.0,4400.0,1569.0,44081.0,22665.0,2664.0,2799.0
2155.0,62402.0,21986.0,24499.0,62401.0,58908.0,62937.0,62406.0,7968.0,22722.0
48686.0,66771.0,46568.0,14782.0,19532.0,34767.0,16197.0,1509.0,14821.0,12903.0
54399.0,22534.0,46059.0,41655.0,46790.0,64177.0,42596.0,58715.0,48702.0,26442.0
25224.0,28878.0,1603.0,50414.0,67316.0,51816.0,52407.0,30539.0,36374.0,28338.0
48258.0,7159.0,808.0,29390.0,3556.0,64280.0,31757.0,11658.0,56010.0,3523.0
38562.0,2542.0,50710.0,50691.0,44477.0,65226.0,45326.0,5230.0,39487.0,14086.0
1960.0,35427.0,8446.0,39248.0,38173.0,1868.0,50701.0,2453.0,45175.0,39323.0
4314.0,43690.0,43694.0,296.0,754.0,10232.0,33559.0,4495.0,37681.0,937.0
22765.0,2723.0,16228.0,45334.0,15186.0,37891.0,61022.0,2659.0,25020.0,15550.0
39467.0,22202.0,606.0,1584.0,41370.0,50297.0,67366.0,12824.0,230.0,5889.0
62933.0,921.0,55005.0,30344.0,33602.0,48986.0,57522.0,39541.0,10865.0,22572.0
7403.0,57539.0,15898.0,9012.0,20030.0,30459.0,44263.0,43344.0,37630.0,32067.0
14471.0,7446.0,17319.0,19333.0,18947.0,17960.0,28312.0,17315.0,33670.0,9029.0
25966.0,11221.0,8571.0,37908.0,11541.0,7441.0,20838.0,11039.0,19024.0,64843.0
41776.0,35842.0,52368.0,3426.0,36212.0,55314.0,5217.0,62831.0,2781.0,1205.0
2324.0,61195.0,24469.0,655.0,8640.0,20131.0,64822.0,51638.0,24470.0,13381.0
47630.0,54062.0,16026.0,15984.0,59756.0,15980.0,57015.0,87.0,62506.0,59938.0
9135.0,32280.0,9151.0,32305.0,27921.0,24001.0,41716.0,23332.0,33248.0,39823.0
19166.0,19125.0,24362.0,9433.0,5858.0,57776.0,9361.0,62286.0,35215.0,23908.0
52953.0,17202.0,30150.0,34630.0,24913.0,33591.0,42865.0,21136.0,9660.0,35565.0
43674.0,64212.0,43639.0,45317.0,21979.0,45859.0,15462.0,15530.0,3428.0,66903.0
26312.0,59081.0,58287.0,11419.0,28781.0,8883.0,31987.0,45043.0,3370.0,26448.0
13536.0,673.0,23650.0,66989.0,13526.0,36505.0,57349.0,13466.0,17642.0,13498.0
25015.0,55112.0,7973.0,19074.0,37620.0,15750.0,41042.0,16042.0,20041.0,40293.0
57240.0,32473.0,32471.0,63455.0,32405.0,10237.0,22068.0,923.0,17069.0,17619.0
2809.0,43403.0,38284.0,3658.0,13135.0,4897.0,1332.0,50898.0,16168.0,38105.0
26314.0,9028.0,11334.0,16193.0,13552.0,34211.0,55433.0,33699.0,30848.0,39878.0
15538.0,3491.0,43261.0,60438.0,20366.0,54215.0,61784.0,15469.0,40930.0,953.0
22200.0,46158.0,38259.0,56058.0,60430.0,64271.0,16261.0,1900.0,14900.0,66807.0
21368.0,39716.0,61891.0,49279.0,30464.0,56538.0,15659.0,57579.0,60797.0,65495.0
16402.0,42672.0,49474.0,17602.0,7853.0,18883.0,62686.0,15889.0,57519.0,16887.0
3582.0,64242.0,2816.0,7149.0,2609.0,53664.0,59562.0,3549.0,42756.0,64326.0
22390.0,16623.0,34196.0,40568.0,26296.0,30961.0,25158.0,43759.0,51346.0,29369.0
37500.0,2037.0,30035.0,33851.0,39442.0,63552.0,3226.0,17619.0,60087.0,56215.0
45201.0,36387.0,8476.0,64007.0,41889.0,36446.0,4960.0,58629.0,61619.0,36357.0
37607.0,54087.0,2571.0,16016.0,60384.0,1322.0,49070.0,35972.0,54224.0,54680.0
12922.0,21008.0,33511.0,22507.0,62880.0,12967.0,21062.0,21401.0,49384.0,1927.0
63549.0,36131.0,63797.0,7310.0,4575.0,25387.0,39698.0,8123.0,54688.0,14563.0
45421.0,8474.0,56080.0,60921.0,50512.0,23217.0,24772.0,56074.0,12246.0,60551.0
56283.0,30274.0,56281.0,30300.0,45994.0,625.0,52225.0,21954.0,52232.0,7184.0
59438.0,59472.0,35396.0,31510.0,64418.0,25083.0,61561.0,55033.0,33235.0,58595.0
46488.0,58359.0,61050.0,21312.0,2219.0,48985.0,4831.0,66357.0,32665.0,10402.0
4673.0,988.0,4577.0,60268.0,57313.0,27510.0,53000.0,31820.0,9308.0,18308.0
871.0,13253.0,8874.0,37891.0,13349.0,28824.0,10393.0,58683.0,13760.0,12817.0
7159.0,34057.0,64280.0,768.0,34105.0,29390.0,61063.0,56010.0,1315.0,1359.0
61017.0,14886.0,46243.0,828.0,35871.0,50345.0,55959.0,66225.0,1985.0,21061.0
41926.0,46112.0,1323.0,18154.0,827.0,37876.0,7904.0,44911.0,11668.0,35891.0
49143.0,49212.0,49158.0,58554.0,1135.0,2078.0,46369.0,12556.0,35348.0,62769.0
3819.0,22211.0,2845.0,15875.0,49453.0,39773.0,21453.0,39720.0,13089.0,19197.0
20913.0,15105.0,51115.0,3582.0,3556.0,7149.0,28482.0,46365.0,3568.0,1369.0
48770.0,5394.0,32304.0,5353.0,8421.0,12956.0,17124.0,9106.0,47788.0,21811.0
60266.0,2817.0,62870.0,45933.0,61910.0,62832.0,25723.0,65073.0,61870.0,62856.0
3661.0,52020.0,5363.0,40298.0,42765.0,5141.0,16135.0,3770.0,15344.0,1920.0
42180.0,14946.0,24433.0,63836.0,62439.0,51058.0,5846.0,23782.0,44863.0,6803.0
64894.0,27401.0,15852.0,9383.0,11515.0,11023.0,23013.0,27735.0,29819.0,20277.0
3714.0,4699.0,9497.0,6815.0,25867.0,39793.0,56381.0,6776.0,24316.0,17222.0
56017.0,57645.0,36919.0,18199.0,57467.0,19691.0,60984.0,6749.0,53695.0,66199.0
46178.0,2818.0,55960.0,39651.0,56248.0,60990.0,38247.0,14699.0,55382.0,44915.0
14934.0,18181.0,17108.0,23384.0,15152.0,19163.0,36962.0,46417.0,46172.0,32273.0
15851.0,8656.0,13549.0,828.0,61898.0,35939.0,8502.0,21417.0,15260.0,25053.0
854.0,14086.0,15481.0,15517.0,50691.0,15485.0,61079.0,50642.0,49793.0,49783.0
12251.0,43431.0,17652.0,43970.0,22899.0,18343.0,24748.0,21468.0,35192.0,46100.0
1575.0,21053.0,33058.0,36440.0,57845.0,44831.0,57842.0,32289.0,64846.0,57844.0
41994.0,15379.0,33259.0,66456.0,37924.0,20248.0,810.0,44911.0,16266.0,46805.0
45217.0,19599.0,809.0,32936.0,6530.0,15382.0,18336.0,62872.0,21066.0,50805.0
55809.0,39845.0,40265.0,14945.0,61443.0,17308.0,56715.0,12731.0,38679.0,45006.0
49127.0,42064.0,16599.0,61985.0,336.0,53052.0,59525.0,57115.0,36012.0,43511.0
10666.0,10672.0,28231.0,28941.0,28200.0,28837.0,5351.0,37552.0,12347.0,7306.0
18267.0,9353.0,40302.0,3832.0,48604.0,29299.0,21547.0,62821.0,36396.0,6061.0
25271.0,6225.0,40879.0,20259.0,6899.0,44619.0,18854.0,12354.0,34144.0,36328.0
14035.0,29858.0,16277.0,60898.0,13147.0,16288.0,20617.0,44992.0,25311.0,15749.0
60873.0,62586.0,43462.0,50301.0,65492.0,45726.0,45314.0,19811.0,60852.0,47388.0
15344.0,62407.0,33190.0,54177.0,34063.0,36212.0,61877.0,16533.0,45912.0,57136.0
44413.0,58554.0,5477.0,5478.0,65437.0,12561.0,56329.0,48406.0,35348.0,41382.0
17425.0,19188.0,13963.0,31842.0,67631.0,36280.0,6553.0,51306.0,14770.0,22853.0
22019.0,63612.0,2020.0,18956.0,22937.0,65251.0,38200.0,49940.0,56299.0,54936.0
22832.0,16235.0,3568.0,48233.0,55285.0,12734.0,15678.0,15707.0,15094.0,64735.0
21568.0,31293.0,2340.0,9910.0,24356.0,33115.0,52079.0,46226.0,35181.0,64907.0
17341.0,23330.0,30752.0,4072.0,5585.0,67968.0,5222.0,32305.0,23342.0,15636.0
42669.0,17380.0,16082.0,6207.0,14725.0,6883.0,51081.0,20026.0,5915.0,38089.0
24779.0,64865.0,32299.0,29668.0,7016.0,1875.0,12922.0,15379.0,6995.0,760.0
4618.0,27644.0,1226.0,6731.0,38075.0,36043.0,13338.0,37724.0,21479.0,65381.0
52366.0,5424.0,46231.0,50929.0,32059.0,40318.0,5490.0,38823.0,5449.0,42953.0
14848.0,19433.0,35987.0,27882.0,12833.0,56019.0,48112.0,26885.0,21244.0,9403.0
16696.0,37014.0,37011.0,4217.0,45589.0,602.0,4162.0,1128.0,30265.0,16769.0
40962.0,47544.0,62053.0,534.0,9745.0,118.0,60884.0,47795.0,40006.0,26671.0
4043.0,53453.0,10169.0,7797.0,23289.0,66430.0,65943.0,66460.0,54755.0,9627.0
38220.0,50821.0,38182.0,52093.0,32987.0,51590.0,53736.0,49442.0,45996.0,55572.0
234.0,37296.0,57351.0,3414.0,61636.0,18754.0,25861.0,62397.0,42078.0,60695.0
64925.0,52753.0,61025.0,53430.0,32720.0,21912.0,61719.0,986.0,61061.0,29033.0
824.0,15481.0,61079.0,15539.0,15517.0,1125.0,50708.0,60440.0,15537.0,14086.0
14610.0,60394.0,16569.0,32737.0,21928.0,54303.0,12045.0,16585.0,37985.0,14509.0
176.0,15409.0,21149.0,4137.0,27462.0,129.0,60176.0,52434.0,4051.0,38334.0
66014.0,37401.0,56360.0,52913.0,8831.0,34924.0,12080.0,49446.0,32658.0,34923.0
51937.0,35724.0,21606.0,8938.0,61078.0,32728.0,14685.0,4679.0,38234.0,14636.0
37446.0,37396.0,2191.0,3350.0,37923.0,63415.0,66505.0,12368.0,61766.0,26507.0
35500.0,34401.0,44593.0,3363.0,35505.0,66352.0,3364.0,66104.0,5027.0,35492.0
47504.0,685.0,40959.0,51810.0,27983.0,3774.0,37413.0,58892.0,33560.0,58853.0
30022.0,24121.0,9084.0,9822.0,55347.0,28671.0,23165.0,4450.0,49053.0,32507.0
12190.0,55452.0,30346.0,51776.0,47507.0,50741.0,57365.0,1053.0,13912.0,3958.0
21639.0,14689.0,22233.0,56278.0,30951.0,31174.0,42208.0,16570.0,30883.0,25736.0
33951.0,23971.0,39793.0,9497.0,16292.0,55880.0,24811.0,25867.0,15492.0,33996.0
35678.0,35848.0,25486.0,9170.0,67567.0,36772.0,4185.0,63220.0,33358.0,18373.0
25339.0,5555.0,2646.0,54824.0,61896.0,61910.0,3818.0,56005.0,62883.0,3841.0
2736.0,1245.0,2719.0,39255.0,43570.0,31103.0,5250.0,63319.0,39308.0,57133.0
24978.0,28388.0,47726.0,43541.0,7792.0,53805.0,5288.0,58111.0,5856.0,6965.0
52387.0,22892.0,62234.0,15512.0,9941.0,54526.0,42045.0,62222.0,43603.0,61560.0
807.0,33371.0,22693.0,7463.0,37891.0,58683.0,22747.0,26754.0,13349.0,20486.0
22002.0,27878.0,63823.0,37120.0,47477.0,21731.0,51244.0,30876.0,18337.0,38730.0
9134.0,67851.0,9512.0,28102.0,49350.0,2739.0,35451.0,2878.0,1776.0,2869.0
2705.0,24173.0,10678.0,48877.0,8638.0,16429.0,59151.0,65850.0,8398.0,66976.0
16526.0,6816.0,1594.0,33463.0,41709.0,60945.0,33757.0,48394.0,14499.0,63348.0
1652.0,33016.0,14658.0,1374.0,51516.0,43738.0,10049.0,32269.0,41061.0,4744.0
3254.0,16280.0,16258.0,32819.0,1162.0,38629.0,45880.0,57000.0,65730.0,51907.0
58261.0,41899.0,3234.0,16593.0,59540.0,2461.0,38135.0,59493.0,17240.0,2022.0
3205.0,61564.0,8384.0,41961.0,39264.0,66723.0,66461.0,44255.0,49468.0,4955.0
42355.0,32310.0,1190.0,58072.0,42877.0,44319.0,38448.0,14374.0,2478.0,60526.0
46636.0,60233.0,30216.0,33782.0,48440.0,46602.0,4664.0,66856.0,46642.0,23620.0
50706.0,61092.0,1353.0,45285.0,58687.0,1085.0,48280.0,5425.0,56672.0,46212.0
46487.0,28981.0,52215.0,66543.0,14312.0,32707.0,2420.0,25779.0,47456.0,62012.0
28922.0,15570.0,39872.0,28383.0,9050.0,41727.0,36254.0,15574.0,64332.0,15354.0
60080.0,48711.0,45672.0,32304.0,58291.0,24815.0,44418.0,24810.0,4096.0,64234.0
49468.0,44255.0,49472.0,42355.0,53162.0,9604.0,51333.0,880.0,43602.0,50335.0
39642.0,14140.0,4965.0,44979.0,37888.0,47523.0,39629.0,4168.0,3364.0,47520.0
66776.0,53460.0,5350.0,5280.0,47563.0,4521.0,43875.0,39431.0,4562.0,66033.0
22901.0,20978.0,55334.0,35866.0,22842.0,26153.0,30872.0,37672.0,33825.0,28137.0
51880.0,28011.0,51875.0,50383.0,4587.0,51791.0,53666.0,53271.0,51823.0,3202.0
55540.0,18518.0,55546.0,32801.0,25009.0,64920.0,47751.0,34931.0,32667.0,12048.0
27465.0,27447.0,27448.0,45830.0,40590.0,55658.0,21141.0,18060.0,47376.0,54891.0
41096.0,14579.0,36652.0,14148.0,29404.0,40755.0,29410.0,9451.0,56376.0,46796.0
34936.0,54285.0,4438.0,33556.0,11071.0,60695.0,35771.0,58643.0,699.0,62951.0
45962.0,44702.0,6639.0,21784.0,8884.0,22897.0,35652.0,59446.0,22851.0,35853.0
1205.0,33190.0,9963.0,66936.0,45654.0,35842.0,55271.0,897.0,4085.0,14973.0
33190.0,16233.0,62976.0,33418.0,65494.0,65840.0,35842.0,56879.0,62439.0,15186.0
57398.0,10226.0,245.0,62970.0,21768.0,52978.0,1427.0,749.0,19241.0,21691.0
66064.0,30198.0,28971.0,66048.0,4844.0,61143.0,30188.0,64032.0,25914.0,17022.0
144.0,56410.0,56409.0,46648.0,635.0,18434.0,51149.0,44346.0,63961.0,39391.0
20752.0,47046.0,54229.0,46971.0,63989.0,13482.0,45837.0,34577.0,4807.0,66836.0
63912.0,34470.0,3379.0,55429.0,22254.0,3366.0,29343.0,3910.0,2465.0,52723.0
46283.0,50862.0,27769.0,50876.0,23905.0,39374.0,27770.0,1548.0,55144.0,1774.0
13752.0,17826.0,33176.0,47036.0,24437.0,57401.0,13494.0,64946.0,543.0,16187.0
62901.0,929.0,43116.0,938.0,34566.0,3436.0,990.0,730.0,991.0,284.0
916.0,13480.0,3488.0,7152.0,34521.0,34569.0,10872.0,3408.0,13505.0,13501.0
59506.0,972.0,58785.0,50682.0,58830.0,59496.0,987.0,46250.0,50969.0,51000.0
937.0,39904.0,43694.0,754.0,51669.0,39437.0,4314.0,4446.0,62336.0,39454.0
4521.0,31602.0,55731.0,51031.0,4562.0,26721.0,66776.0,65788.0,62944.0,39431.0
28059.0,47658.0,9679.0,42054.0,37332.0,32901.0,40210.0,48847.0,66025.0,16006.0
926.0,4377.0,674.0,62896.0,3450.0,47487.0,45405.0,3437.0,998.0,3421.0
14238.0,732.0,35771.0,48966.0,21984.0,21166.0,39885.0,4360.0,62397.0,8374.0
63208.0,45140.0,54098.0,10237.0,223.0,8799.0,55885.0,57143.0,20816.0,2267.0
48989.0,62929.0,517.0,3410.0,25374.0,3473.0,66058.0,56404.0,57402.0,13873.0
116.0,53054.0,25784.0,63547.0,46080.0,21884.0,67890.0,2390.0,47597.0,41196.0
3408.0,27512.0,43505.0,3488.0,7152.0,13874.0,10872.0,10870.0,10531.0,34581.0
46516.0,629.0,25607.0,1427.0,40504.0,37325.0,62970.0,64322.0,245.0,749.0
53603.0,33600.0,4594.0,37978.0,19054.0,4552.0,715.0,4361.0,39371.0,156.0
20150.0,38003.0,239.0,1730.0,2147.0,3415.0,2726.0,46853.0,54742.0,265.0
46979.0,2902.0,59380.0,48685.0,31159.0,29167.0,5243.0,47543.0,37537.0,67623.0
55005.0,62933.0,22572.0,774.0,27975.0,43813.0,22735.0,39541.0,23837.0,18792.0
4426.0,15927.0,35569.0,37307.0,7264.0,924.0,60729.0,40537.0,37326.0,37338.0
14239.0,32473.0,22068.0,685.0,788.0,4440.0,32405.0,3774.0,21970.0,38146.0
4426.0,37326.0,52979.0,37348.0,37299.0,37338.0,37358.0,922.0,30027.0,37344.0
37292.0,50614.0,43070.0,1835.0,31594.0,61676.0,42120.0,4470.0,63328.0,56692.0
911.0,23831.0,4377.0,45405.0,3450.0,62896.0,47487.0,8810.0,62912.0,3409.0
10822.0,56454.0,45427.0,56486.0,63820.0,10811.0,40478.0,36142.0,58900.0,58913.0
979.0,37313.0,37179.0,45901.0,37314.0,37317.0,27468.0,34605.0,61661.0,37303.0
43116.0,938.0,905.0,3436.0,62901.0,990.0,3487.0,991.0,3478.0,34566.0
48211.0,60051.0,42221.0,53429.0,43635.0,65917.0,61025.0,934.0,724.0,24979.0
3433.0,24910.0,47519.0,10242.0,61193.0,10867.0,64159.0,34536.0,24861.0,66588.0
67960.0,11187.0,6919.0,19228.0,11161.0,55263.0,66190.0,4958.0,10800.0,63207.0
1581.0,2444.0,43039.0,61747.0,44817.0,2447.0,51949.0,7915.0,25176.0,28215.0
4733.0,42221.0,39291.0,930.0,48211.0,19756.0,47452.0,40923.0,3496.0,53034.0
35230.0,56416.0,10214.0,3414.0,18754.0,60695.0,58643.0,10232.0,57351.0,37296.0
63515.0,2235.0,49510.0,30747.0,36064.0,8833.0,31304.0,37118.0,2626.0,67912.0
908.0,754.0,51669.0,10232.0,3434.0,43694.0,39904.0,4593.0,771.0,39454.0
929.0,43116.0,905.0,3436.0,3478.0,62901.0,990.0,266.0,34566.0,991.0
7334.0,32840.0,43676.0,66969.0,7362.0,57896.0,59088.0,46615.0,4511.0,52891.0
42017.0,13855.0,17014.0,26134.0,60743.0,62978.0,352.0,6471.0,19886.0,13521.0
44914.0,53004.0,57210.0,44910.0,61697.0,4810.0,1083.0,52091.0,51928.0,6549.0
57338.0,55611.0,33800.0,54919.0,4969.0,37562.0,14353.0,67829.0,21178.0,4904.0
60048.0,58518.0,44770.0,40724.0,65043.0,40725.0,31413.0,1857.0,40726.0,40737.0
18109.0,36439.0,31579.0,25672.0,40608.0,2453.0,7714.0,35427.0,52284.0,59504.0
5025.0,56291.0,56245.0,54521.0,360.0,607.0,50328.0,59880.0,32817.0,19896.0
51156.0,3411.0,57401.0,34528.0,54915.0,57406.0,34561.0,30011.0,16659.0,47497.0
948.0,13517.0,4597.0,10521.0,54290.0,37731.0,30363.0,62917.0,57328.0,13506.0
947.0,13517.0,4597.0,62917.0,30363.0,13481.0,10521.0,57328.0,37731.0,43676.0
10566.0,61720.0,24411.0,57406.0,6419.0,10584.0,62980.0,17617.0,23656.0,18095.0
34577.0,19898.0,19894.0,53000.0,901.0,46971.0,20752.0,54240.0,988.0,10651.0
52227.0,52292.0,52300.0,1757.0,4273.0,31570.0,30236.0,52237.0,40378.0,27379.0
7349.0,57281.0,60473.0,13914.0,54215.0,61053.0,60446.0,62940.0,60411.0,57308.0
966.0,791.0,51435.0,15538.0,61784.0,54215.0,46279.0,43261.0,57308.0,20366.0
971.0,50620.0,40345.0,61071.0,50681.0,15475.0,58806.0,46652.0,18310.0,61113.0
38178.0,986.0,42019.0,29716.0,58259.0,18977.0,21982.0,29594.0,15495.0,13478.0
57293.0,58808.0,66109.0,55093.0,61133.0,65574.0,47439.0,25573.0,47445.0,18944.0
3488.0,916.0,34581.0,7152.0,43505.0,27512.0,3487.0,62901.0,990.0,62965.0
12089.0,17145.0,59462.0,34610.0,53640.0,42210.0,8152.0,67623.0,55484.0,37259.0
21939.0,64753.0,11199.0,7561.0,10827.0,37263.0,65696.0,56358.0,32618.0,22489.0
32741.0,17027.0,16988.0,40021.0,7137.0,369.0,32633.0,26620.0,17041.0,32669.0
54269.0,54297.0,2638.0,37448.0,21895.0,963.0,49131.0,16583.0,57440.0,30156.0
58627.0,1823.0,55051.0,45171.0,56374.0,54227.0,46649.0,28961.0,60914.0,54284.0
961.0,54269.0,21135.0,16583.0,35688.0,21895.0,57440.0,1893.0,37448.0,1819.0
22723.0,19913.0,9669.0,34508.0,45430.0,993.0,24419.0,57314.0,3460.0,61670.0
34510.0,34505.0,10554.0,13465.0,13543.0,34513.0,13477.0,26136.0,13483.0,27021.0
953.0,989.0,61784.0,61679.0,46279.0,57281.0,51435.0,54215.0,57308.0,13914.0
56751.0,63640.0,57238.0,62941.0,63990.0,36532.0,42018.0,55694.0,57250.0,57404.0
50519.0,50500.0,21979.0,45859.0,3495.0,784.0,3428.0,43639.0,57293.0,45317.0
49740.0,65638.0,38581.0,716.0,1570.0,59444.0,4284.0,50850.0,59464.0,49742.0
51034.0,40322.0,18232.0,46652.0,973.0,58774.0,25934.0,64949.0,58771.0,26931.0
50620.0,58806.0,954.0,15475.0,61113.0,40345.0,18265.0,50681.0,64952.0,56804.0
59506.0,50682.0,987.0,58830.0,907.0,25934.0,58785.0,50683.0,59496.0,50969.0
51034.0,970.0,46652.0,42336.0,58771.0,40322.0,60461.0,18312.0,58774.0,61113.0
42345.0,54515.0,14111.0,62304.0,47385.0,61098.0,54164.0,50859.0,53034.0,30257.0
17077.0,59455.0,4243.0,713.0,59528.0,29838.0,52261.0,52294.0,51364.0,4245.0
56288.0,46329.0,27835.0,37263.0,6299.0,6185.0,64753.0,2309.0,56594.0,65696.0
32286.0,57678.0,204.0,37696.0,37154.0,31028.0,25046.0,37719.0,4904.0,250.0
39312.0,10240.0,10236.0,4382.0,35771.0,4438.0,62397.0,62927.0,1832.0,39885.0
928.0,37313.0,37179.0,45901.0,27468.0,37317.0,37314.0,37291.0,37305.0,61661.0
4515.0,40759.0,62973.0,57522.0,34597.0,18047.0,55005.0,43903.0,921.0,62933.0
21178.0,37696.0,33800.0,54919.0,67829.0,48821.0,8489.0,4904.0,40025.0,25840.0
59452.0,29871.0,29974.0,50838.0,1892.0,4538.0,63963.0,5329.0,323.0,65218.0
40814.0,34595.0,34961.0,10864.0,30348.0,29967.0,43486.0,9643.0,36442.0,63686.0
3439.0,998.0,45405.0,8810.0,3421.0,47487.0,3444.0,3423.0,3450.0,926.0
39337.0,50333.0,48866.0,48879.0,52248.0,61705.0,397.0,30287.0,49017.0,50823.0
47435.0,32720.0,697.0,58805.0,64925.0,955.0,42019.0,853.0,7151.0,66980.0
50682.0,972.0,25934.0,50683.0,58830.0,59506.0,58774.0,51028.0,50969.0,51000.0
60268.0,19894.0,806.0,18308.0,4544.0,10651.0,46971.0,53000.0,34577.0,63989.0
61679.0,57281.0,966.0,3475.0,61723.0,63669.0,40854.0,13914.0,61784.0,46279.0
991.0,3487.0,62965.0,62901.0,284.0,929.0,34569.0,730.0,905.0,34566.0
990.0,62965.0,37977.0,62901.0,34569.0,34521.0,62918.0,3487.0,10518.0,284.0
3402.0,46102.0,34565.0,34599.0,3444.0,33603.0,3421.0,35361.0,10877.0,10867.0
9669.0,34508.0,57314.0,61670.0,25533.0,40931.0,19913.0,964.0,10871.0,22723.0
4446.0,57321.0,62969.0,996.0,23831.0,62912.0,3409.0,926.0,3450.0,62923.0
39617.0,44767.0,23544.0,51466.0,19732.0,37528.0,10943.0,212.0,1568.0,44797.0
62969.0,62923.0,994.0,57321.0,4446.0,23831.0,33559.0,754.0,62336.0,62912.0
4448.0,4360.0,4449.0,58862.0,2037.0,33851.0,43119.0,62136.0,57731.0,37500.0
45405.0,3423.0,47487.0,674.0,47517.0,8810.0,911.0,984.0,4377.0,3444.0
492.0,66926.0,22131.0,62908.0,45952.0,493.0,19150.0,23818.0,12811.0,35850.0
