64186.0,38838.0,51051.0,61134.0,56634.0,54901.0,38844.0,46277.0,52696.0,64170.0
80.0,66817.0,9296.0,45827.0,29328.0,7955.0,42333.0,59786.0,33290.0,47065.0
7133.0,42339.0,58693.0,38561.0,51617.0,9357.0,58688.0,46207.0,38867.0,2974.0
8776.0,51327.0,47777.0,44368.0,44775.0,53015.0,60872.0,48360.0,37522.0,53404.0
53890.0,8336.0,53792.0,3159.0,16951.0,12989.0,35198.0,65514.0,8307.0,62711.0
53154.0,44250.0,51975.0,58123.0,42810.0,62757.0,57565.0,44813.0,58124.0,63879.0
5490.0,38823.0,61068.0,40318.0,56647.0,47389.0,58700.0,65661.0,30269.0,2978.0
48075.0,31090.0,45165.0,31105.0,6197.0,48064.0,52904.0,26952.0,31889.0,5259.0
56748.0,48787.0,65481.0,9837.0,29272.0,50017.0,29330.0,832.0,9902.0,49218.0
55086.0,32359.0,37713.0,2832.0,12836.0,23827.0,29738.0,28114.0,55897.0,48728.0
45243.0,58681.0,38842.0,62252.0,50656.0,40782.0,44952.0,50951.0,66254.0,55161.0
25693.0,8773.0,18300.0,60531.0,33268.0,40411.0,7955.0,3628.0,40437.0,24376.0
53916.0,54996.0,66622.0,59891.0,56649.0,16363.0,39270.0,57185.0,65629.0,24933.0
50382.0,54487.0,6844.0,53995.0,67250.0,58112.0,51110.0,5803.0,51848.0,58159.0
42682.0,46043.0,62602.0,2578.0,63615.0,32165.0,52677.0,12943.0,49335.0,27742.0
56765.0,46091.0,44070.0,64439.0,56766.0,12823.0,56434.0,39504.0,38836.0,45536.0
21031.0,56103.0,33354.0,54369.0,52391.0,38976.0,45320.0,30272.0,60530.0,17529.0
5260.0,11856.0,40563.0,246.0,4214.0,48726.0,26482.0,3598.0,3209.0,21513.0
32581.0,29233.0,61250.0,2088.0,56941.0,36096.0,7644.0,12141.0,62151.0,41554.0
51864.0,17514.0,22045.0,46173.0,46255.0,22015.0,51854.0,50067.0,62009.0,34362.0
7278.0,1342.0,21526.0,4717.0,9902.0,56748.0,29330.0,48846.0,2907.0,2929.0
5466.0,61798.0,29697.0,66639.0,52639.0,50609.0,5120.0,7981.0,54499.0,56985.0
48451.0,48756.0,67415.0,8295.0,29046.0,45488.0,6118.0,16401.0,61067.0,3634.0
52616.0,61791.0,54511.0,4866.0,5126.0,34941.0,64948.0,44487.0,61790.0,29600.0
33743.0,56589.0,44526.0,32682.0,37566.0,61598.0,55707.0,21721.0,57979.0,56220.0
58616.0,44073.0,32079.0,58782.0,55102.0,33300.0,32084.0,64207.0,39386.0,9350.0
43183.0,9403.0,32930.0,26912.0,32070.0,45134.0,21464.0,27882.0,46171.0,56019.0
49717.0,47856.0,50434.0,66330.0,19071.0,40745.0,13704.0,33346.0,60999.0,61099.0
45286.0,65663.0,45267.0,31562.0,56678.0,47991.0,10351.0,43024.0,49778.0,35278.0
47361.0,47114.0,27778.0,5461.0,18704.0,18714.0,53287.0,65512.0,59325.0,67409.0
28862.0,43519.0,66741.0,59367.0,30526.0,31523.0,35082.0,56624.0,34900.0,54089.0
65245.0,40210.0,4386.0,61544.0,31077.0,47428.0,32489.0,55451.0,2335.0,33246.0
28552.0,10602.0,1017.0,40406.0,48779.0,63214.0,55713.0,47657.0,22437.0,26198.0
64489.0,56327.0,56034.0,48329.0,14089.0,19692.0,64734.0,35458.0,32194.0,11719.0
18895.0,61134.0,44070.0,32196.0,51472.0,37069.0,38836.0,64439.0,33344.0,46277.0
23394.0,65895.0,9435.0,33279.0,45818.0,47685.0,40917.0,24984.0,42689.0,44659.0
40922.0,15294.0,63054.0,22789.0,57033.0,38598.0,2413.0,52740.0,54387.0,18911.0
38657.0,57571.0,43200.0,51329.0,19600.0,48413.0,32021.0,33287.0,33336.0,66288.0
57834.0,9890.0,21257.0,54616.0,59712.0,2532.0,53509.0,64598.0,4561.0,47922.0
12378.0,21272.0,8296.0,4139.0,56791.0,48640.0,12876.0,47988.0,40751.0,48219.0
50582.0,32103.0,32111.0,42974.0,46260.0,49119.0,4545.0,25116.0,53656.0,48260.0
61725.0,53017.0,40948.0,57147.0,4555.0,58066.0,61726.0,27555.0,24298.0,54604.0
26798.0,49295.0,43395.0,58819.0,7000.0,5533.0,28447.0,9374.0,6948.0,13108.0
66266.0,16059.0,9351.0,50629.0,9425.0,57802.0,47720.0,17595.0,22324.0,61807.0
9038.0,14314.0,21533.0,33325.0,44083.0,33315.0,62617.0,56031.0,40635.0,45903.0
48198.0,9834.0,27904.0,56223.0,4100.0,44080.0,56420.0,48672.0,40436.0,1137.0
27517.0,55457.0,40805.0,47380.0,57696.0,27514.0,36107.0,66025.0,2392.0,27520.0
3639.0,30655.0,36245.0,26121.0,12963.0,682.0,1169.0,1226.0,1423.0,1612.0
42952.0,3822.0,30546.0,46285.0,47654.0,59685.0,43471.0,56045.0,32948.0,9827.0
44835.0,51661.0,52319.0,54917.0,44785.0,53411.0,8433.0,51519.0,37211.0,44834.0
63913.0,59324.0,17789.0,55257.0,3255.0,28177.0,36122.0,56277.0,3223.0,32853.0
57082.0,52658.0,52670.0,33266.0,319.0,12862.0,19281.0,52621.0,52654.0,66303.0
10347.0,66268.0,66287.0,32089.0,61046.0,64599.0,48226.0,41019.0,66290.0,55833.0
28407.0,15625.0,6729.0,19143.0,3107.0,44515.0,42184.0,9086.0,44350.0,3191.0
32392.0,65282.0,10368.0,25391.0,28969.0,18160.0,67059.0,11087.0,32544.0,7405.0
19380.0,8411.0,45828.0,46001.0,43176.0,6601.0,32142.0,2450.0,14075.0,32179.0
66219.0,54345.0,28752.0,30221.0,12579.0,64218.0,32179.0,32194.0,49296.0,67185.0
64208.0,37030.0,50647.0,33277.0,40622.0,57587.0,64868.0,37042.0,43283.0,40798.0
67893.0,57518.0,62095.0,67885.0,41999.0,17060.0,39651.0,41966.0,58023.0,49011.0
8767.0,43757.0,31403.0,53006.0,56788.0,63791.0,22937.0,53043.0,50607.0,47571.0
64121.0,58362.0,22058.0,56606.0,53662.0,5090.0,62514.0,53067.0,13780.0,31396.0
60533.0,66673.0,20039.0,24078.0,57185.0,60998.0,12.0,21429.0,19284.0,19262.0
39263.0,3006.0,30485.0,40359.0,47682.0,21225.0,6188.0,47055.0,34792.0,18266.0
34237.0,17598.0,21215.0,38647.0,26398.0,45623.0,19051.0,14317.0,21209.0,38674.0
44063.0,66290.0,48282.0,34558.0,66259.0,33306.0,50643.0,57510.0,44059.0,58434.0
58748.0,35425.0,45553.0,56055.0,33110.0,14726.0,24966.0,22790.0,30210.0,44542.0
48787.0,23657.0,48103.0,43281.0,65481.0,50017.0,18293.0,35343.0,5564.0,18255.0
4587.0,37637.0,67180.0,1620.0,17477.0,67110.0,5883.0,37617.0,65683.0,50032.0
27583.0,28002.0,44424.0,34717.0,31977.0,37226.0,57804.0,31774.0,55343.0,16790.0
67887.0,51875.0,890.0,51791.0,32376.0,48319.0,65933.0,4016.0,55897.0,24623.0
7737.0,49792.0,59526.0,55191.0,53708.0,52289.0,47388.0,18318.0,54459.0,52775.0
50059.0,8297.0,52415.0,9362.0,54080.0,8291.0,21265.0,58002.0,50882.0,93.0
10350.0,56263.0,33304.0,38881.0,46260.0,48283.0,50582.0,32039.0,48284.0,49119.0
21680.0,33269.0,44246.0,50070.0,30285.0,58296.0,3925.0,4293.0,43747.0,66617.0
38827.0,46375.0,58824.0,58707.0,64351.0,1304.0,38915.0,42046.0,33166.0,58769.0
1043.0,52616.0,7576.0,49305.0,49798.0,18292.0,57553.0,44540.0,29659.0,50639.0
7562.0,50879.0,38887.0,49174.0,30240.0,39386.0,49784.0,48285.0,37038.0,48294.0
44441.0,54869.0,3638.0,50120.0,65954.0,40248.0,54502.0,55926.0,6188.0,38082.0
42955.0,16080.0,57936.0,16040.0,34259.0,41135.0,66285.0,18869.0,23382.0,9403.0
64106.0,47301.0,64154.0,12181.0,55165.0,56137.0,8310.0,36465.0,44423.0,56133.0
29328.0,1.0,9296.0,66817.0,56641.0,1973.0,42333.0,59786.0,7955.0,25693.0
8773.0,60531.0,42333.0,25693.0,7955.0,45827.0,3637.0,22044.0,3628.0,53447.0
2411.0,63510.0,36660.0,59054.0,51221.0,57854.0,60054.0,18304.0,66657.0,66887.0
46167.0,46217.0,52720.0,64221.0,58758.0,37037.0,33296.0,2946.0,32196.0,50647.0
58214.0,52359.0,15026.0,12557.0,12526.0,40047.0,2570.0,33315.0,42985.0,32148.0
60852.0,53989.0,53287.0,39649.0,50985.0,7206.0,56572.0,57000.0,67648.0,31179.0
64176.0,16040.0,4561.0,32355.0,65487.0,12899.0,21270.0,64101.0,59712.0,63562.0
62506.0,47630.0,780.0,15980.0,50729.0,44080.0,59756.0,15617.0,67286.0,29308.0
15985.0,24682.0,28067.0,40400.0,67397.0,28035.0,40356.0,4551.0,40394.0,67114.0
1576.0,2390.0,1483.0,39425.0,51997.0,44787.0,48359.0,34976.0,37508.0,23584.0
38984.0,14361.0,40980.0,44442.0,29524.0,54549.0,31091.0,51188.0,58105.0,60642.0
42002.0,27042.0,40960.0,24839.0,46724.0,24834.0,66179.0,65353.0,18518.0,49058.0
60934.0,23491.0,24184.0,59153.0,37648.0,50444.0,25393.0,22866.0,59045.0,10744.0
39577.0,50030.0,47894.0,47673.0,47971.0,22320.0,38718.0,50059.0,53860.0,49968.0
45018.0,63641.0,58021.0,10319.0,63237.0,47091.0,47303.0,49125.0,47149.0,21057.0
42319.0,29233.0,51382.0,55215.0,51661.0,18.0,5149.0,12141.0,42178.0,66317.0
54651.0,55447.0,51926.0,32357.0,23759.0,43774.0,65970.0,17513.0,17459.0,59547.0
63173.0,25037.0,22164.0,4135.0,33290.0,38380.0,47645.0,61786.0,3933.0,19674.0
53621.0,50097.0,31099.0,35107.0,51773.0,58137.0,2319.0,56422.0,58165.0,49990.0
9315.0,50321.0,65892.0,50327.0,51977.0,61635.0,62414.0,60.0,60971.0,44334.0
3445.0,42006.0,9657.0,40823.0,3447.0,24927.0,34520.0,51588.0,33633.0,40814.0
558.0,53461.0,13720.0,33743.0,49533.0,27455.0,27432.0,3729.0,14331.0,52000.0
34584.0,43514.0,60966.0,28929.0,68002.0,27027.0,45002.0,37498.0,31996.0,37515.0
38791.0,51241.0,7348.0,14220.0,587.0,66836.0,6471.0,62978.0,30307.0,11589.0
4497.0,49060.0,23714.0,1442.0,55725.0,4491.0,65788.0,7783.0,18044.0,37292.0
10599.0,32617.0,56410.0,18771.0,31598.0,1037.0,7717.0,2463.0,1772.0,30747.0
43058.0,2222.0,1828.0,33828.0,7136.0,18773.0,30334.0,62736.0,66874.0,60766.0
65341.0,35621.0,42849.0,29014.0,20840.0,21105.0,35579.0,51750.0,65416.0,23442.0
50481.0,42116.0,34580.0,10217.0,3459.0,46477.0,34594.0,38051.0,373.0,42881.0
66105.0,40004.0,66066.0,54273.0,63860.0,502.0,61716.0,53736.0,2698.0,42863.0
18433.0,47469.0,21701.0,63498.0,47041.0,22181.0,29879.0,55094.0,51206.0,21690.0
61704.0,44736.0,46535.0,22175.0,51415.0,51800.0,49645.0,40981.0,58250.0,21944.0
49016.0,34593.0,531.0,16426.0,48805.0,59488.0,53679.0,587.0,52917.0,10859.0
47338.0,51971.0,23214.0,50320.0,53055.0,21646.0,66436.0,51929.0,4637.0,41940.0
58353.0,62741.0,90.0,15878.0,42296.0,39897.0,32943.0,54549.0,27757.0,17443.0
4084.0,4080.0,9119.0,35674.0,37098.0,38119.0,55199.0,55437.0,41921.0,7188.0
4817.0,2390.0,31658.0,4479.0,1431.0,3772.0,53054.0,55277.0,22030.0,51173.0
63992.0,32817.0,52967.0,19821.0,35622.0,48941.0,61233.0,52096.0,1946.0,13495.0
49044.0,40962.0,50549.0,65198.0,18430.0,1780.0,7727.0,65222.0,32647.0,39453.0
62153.0,64540.0,53873.0,38744.0,23771.0,4038.0,44246.0,43712.0,43453.0,47655.0
6341.0,16569.0,63421.0,21189.0,16585.0,35582.0,49134.0,54303.0,55067.0,22184.0
42006.0,34520.0,3445.0,9657.0,174.0,40823.0,49531.0,56370.0,42963.0,24927.0
48440.0,32732.0,14294.0,47511.0,57260.0,43448.0,52106.0,589.0,54546.0,530.0
60719.0,46657.0,42327.0,32832.0,33186.0,31226.0,3793.0,16578.0,30357.0,46966.0
44243.0,9944.0,12652.0,217.0,49906.0,39967.0,66191.0,27834.0,10080.0,7095.0
51251.0,9214.0,54575.0,5676.0,56249.0,22617.0,51826.0,8125.0,38769.0,9174.0
51205.0,22401.0,55163.0,42353.0,565.0,13748.0,58561.0,313.0,65217.0,33247.0
52558.0,7715.0,12047.0,1717.0,36388.0,3419.0,49460.0,4498.0,49444.0,49500.0
49060.0,4497.0,42271.0,23714.0,1442.0,3881.0,50584.0,7783.0,55725.0,56741.0
49647.0,49632.0,54803.0,15409.0,58251.0,63732.0,53461.0,51760.0,7781.0,21595.0
4613.0,32701.0,32681.0,32652.0,45425.0,66153.0,32738.0,37898.0,47038.0,32593.0
67858.0,206.0,27486.0,2257.0,49132.0,18729.0,35314.0,18777.0,1039.0,51194.0
61960.0,53658.0,10494.0,63648.0,47581.0,53055.0,44315.0,7166.0,62490.0,50321.0
54589.0,1030.0,39675.0,82.0,62072.0,42782.0,18247.0,7238.0,57859.0,43777.0
36672.0,12092.0,4520.0,4524.0,562.0,7143.0,49011.0,63830.0,64097.0,12044.0
10382.0,10490.0,26093.0,66172.0,54572.0,3793.0,53736.0,34958.0,53004.0,21886.0
51571.0,55456.0,42009.0,63713.0,62740.0,14309.0,51844.0,47542.0,19878.0,5058.0
8347.0,55362.0,61655.0,29247.0,47247.0,28111.0,36771.0,50775.0,66220.0,51176.0
38245.0,42864.0,64097.0,36092.0,7796.0,2498.0,39465.0,62229.0,5003.0,46084.0
62098.0,57213.0,43061.0,53290.0,59605.0,7741.0,67879.0,60829.0,59872.0,1792.0
61558.0,40955.0,27669.0,47003.0,36348.0,18435.0,35565.0,37671.0,4516.0,31596.0
265.0,35573.0,29933.0,21186.0,21691.0,684.0,1419.0,48777.0,27435.0,49048.0
5029.0,18755.0,4625.0,22171.0,289.0,18794.0,14665.0,17136.0,19494.0,20746.0
55060.0,45929.0,62889.0,59535.0,36307.0,51068.0,26784.0,33533.0,37146.0,64854.0
56409.0,46648.0,51149.0,47535.0,635.0,44194.0,18434.0,53028.0,43496.0,12080.0
22191.0,1438.0,54752.0,527.0,60713.0,59660.0,16580.0,26736.0,65333.0,49510.0
48174.0,26282.0,61746.0,62692.0,25194.0,26345.0,26339.0,17095.0,31101.0,53754.0
16076.0,26695.0,58311.0,3354.0,19494.0,37493.0,39330.0,51313.0,61030.0,41023.0
19893.0,20440.0,63967.0,11598.0,4570.0,36559.0,35662.0,10407.0,15191.0,46338.0
37757.0,12902.0,62301.0,4099.0,2393.0,65994.0,45650.0,32858.0,242.0,48720.0
63957.0,9755.0,570.0,61626.0,52715.0,7707.0,40017.0,27411.0,62736.0,30990.0
3612.0,31103.0,44407.0,3314.0,28697.0,50844.0,62754.0,63086.0,63091.0,63096.0
21934.0,58638.0,57642.0,4611.0,14365.0,21936.0,36530.0,57581.0,32622.0,4767.0
29123.0,55467.0,29851.0,33487.0,66461.0,8444.0,42774.0,58540.0,30248.0,17639.0
10853.0,63748.0,10848.0,46565.0,37995.0,244.0,46997.0,3471.0,66572.0,51811.0
44277.0,14344.0,4675.0,6568.0,23640.0,42936.0,23393.0,12633.0,43934.0,23694.0
2346.0,4552.0,42353.0,63409.0,39371.0,4067.0,30067.0,57670.0,715.0,4594.0
55261.0,50735.0,888.0,39431.0,48726.0,1444.0,47563.0,57592.0,66033.0,920.0
23583.0,757.0,41718.0,34711.0,62812.0,756.0,33345.0,32418.0,37512.0,4945.0
27824.0,38811.0,45196.0,56383.0,35922.0,45070.0,52081.0,52896.0,29081.0,10325.0
2590.0,61864.0,57257.0,1131.0,57956.0,52768.0,53077.0,42211.0,60674.0,16597.0
62552.0,62812.0,21811.0,36417.0,25229.0,7897.0,21093.0,23584.0,31731.0,53307.0
39375.0,53542.0,22670.0,2841.0,7181.0,66765.0,12548.0,23967.0,26255.0,44239.0
5335.0,42029.0,27489.0,7770.0,63947.0,27501.0,7782.0,63911.0,44060.0,56604.0
25780.0,17033.0,1911.0,50801.0,2308.0,49471.0,2287.0,21058.0,64859.0,27895.0
56355.0,34739.0,57468.0,2188.0,30010.0,11957.0,26856.0,34781.0,16095.0,38806.0
56229.0,2483.0,44325.0,62116.0,63763.0,66004.0,7217.0,57180.0,66421.0,4949.0
1826.0,7272.0,1094.0,7265.0,44773.0,17496.0,48477.0,48861.0,1599.0,63338.0
30935.0,62498.0,30889.0,52037.0,51463.0,52968.0,16513.0,3770.0,43506.0,41903.0
4601.0,141.0,1674.0,1821.0,46853.0,56497.0,67870.0,1890.0,62029.0,4603.0
39309.0,51149.0,36094.0,46430.0,57290.0,65218.0,1459.0,37254.0,22202.0,57285.0
51168.0,56811.0,46324.0,27434.0,26999.0,21720.0,55939.0,3440.0,58295.0,19866.0
4491.0,1098.0,2261.0,4497.0,55939.0,54534.0,4348.0,4459.0,57696.0,36514.0
49048.0,3369.0,10854.0,29946.0,24161.0,1717.0,1851.0,37153.0,65333.0,60267.0
3476.0,56370.0,198.0,57277.0,121.0,53421.0,49531.0,54285.0,61158.0,18737.0
57659.0,3424.0,46981.0,42278.0,3994.0,4692.0,549.0,67871.0,16586.0,47594.0
4051.0,18779.0,54891.0,892.0,27448.0,45830.0,27462.0,21149.0,40590.0,27465.0
37321.0,37320.0,1417.0,53333.0,37330.0,23812.0,37316.0,18781.0,43688.0,49059.0
52241.0,3481.0,11995.0,5362.0,38180.0,39331.0,26694.0,4664.0,16313.0,38247.0
3881.0,5380.0,49129.0,56612.0,67857.0,1335.0,61794.0,23714.0,27518.0,38227.0
1844.0,581.0,57589.0,4076.0,322.0,46383.0,62921.0,52976.0,2274.0,62957.0
42075.0,35123.0,65066.0,50541.0,63660.0,22236.0,36648.0,32823.0,63119.0,21705.0
34966.0,43520.0,56972.0,57011.0,1578.0,30543.0,59086.0,1647.0,38461.0,1340.0
63957.0,9755.0,61626.0,570.0,40017.0,38017.0,58531.0,58568.0,55197.0,52715.0
36770.0,53349.0,61000.0,8121.0,344.0,8495.0,22589.0,63812.0,1648.0,2818.0
42211.0,54561.0,39252.0,10176.0,22206.0,50668.0,56553.0,160.0,7194.0,16280.0
289.0,22514.0,29817.0,42869.0,55374.0,23694.0,4613.0,66153.0,67860.0,23621.0
56614.0,31826.0,555.0,19835.0,31714.0,35672.0,35932.0,55202.0,16985.0,59492.0
58767.0,49665.0,42214.0,51998.0,65716.0,35345.0,58648.0,15552.0,49017.0,4814.0
28660.0,33757.0,25154.0,16853.0,28492.0,9951.0,60936.0,36747.0,44725.0,47803.0
29971.0,8604.0,1507.0,2795.0,12015.0,15606.0,2085.0,9520.0,5311.0,64989.0
2432.0,35472.0,29450.0,29447.0,53157.0,6318.0,29500.0,62018.0,3992.0,45207.0
22508.0,28122.0,1933.0,13669.0,35414.0,53385.0,16001.0,51997.0,915.0,63927.0
35108.0,21879.0,46533.0,5112.0,31396.0,34129.0,52293.0,21155.0,49034.0,21608.0
63558.0,6480.0,31038.0,14010.0,8079.0,61059.0,44960.0,6645.0,14916.0,28472.0
28061.0,29492.0,43959.0,56177.0,10661.0,14141.0,62131.0,49118.0,44384.0,59465.0
3795.0,1424.0,57478.0,66560.0,5183.0,47509.0,14662.0,47024.0,35602.0,7120.0
44538.0,50545.0,59527.0,50510.0,57576.0,47608.0,54203.0,31180.0,600.0,57842.0
31567.0,26673.0,174.0,39320.0,29876.0,49531.0,34520.0,3404.0,37401.0,281.0
65867.0,21919.0,60994.0,29007.0,16596.0,62461.0,14678.0,59715.0,54307.0,35345.0
65217.0,50319.0,42296.0,57979.0,2244.0,61598.0,42353.0,22013.0,39539.0,53455.0
1614.0,61811.0,63939.0,19960.0,27213.0,55899.0,47761.0,1689.0,1703.0,53317.0
736.0,7386.0,12912.0,717.0,44935.0,16632.0,213.0,701.0,47532.0,59192.0
40694.0,40727.0,40734.0,40688.0,40707.0,40686.0,40700.0,40706.0,40735.0,40692.0
37689.0,4904.0,977.0,57678.0,25046.0,6314.0,11267.0,20143.0,6286.0,32286.0
9253.0,45436.0,11891.0,53167.0,40985.0,24432.0,30106.0,57622.0,9662.0,58596.0
35314.0,67858.0,49132.0,61721.0,131.0,2257.0,35328.0,30797.0,2695.0,34552.0
4037.0,55361.0,3788.0,7777.0,62789.0,46178.0,29859.0,8139.0,1509.0,64848.0
32639.0,34532.0,275.0,23847.0,2251.0,32652.0,4516.0,50618.0,51049.0,280.0
3762.0,46560.0,44185.0,49062.0,64852.0,220.0,37745.0,52402.0,58373.0,50801.0
10795.0,35573.0,63993.0,36807.0,67032.0,66126.0,684.0,4328.0,27480.0,54742.0
33792.0,60605.0,11958.0,34662.0,272.0,16470.0,17143.0,5892.0,55023.0,55004.0
40660.0,40699.0,23544.0,44767.0,19985.0,40687.0,40705.0,12799.0,34968.0,19732.0
219.0,2847.0,7384.0,7386.0,37674.0,202.0,701.0,57750.0,6350.0,62408.0
17619.0,230.0,39605.0,3969.0,773.0,55380.0,56168.0,19228.0,40032.0,67865.0
47498.0,3445.0,23824.0,34961.0,18885.0,40823.0,51588.0,40814.0,2297.0,3447.0
55947.0,14787.0,9129.0,46826.0,12411.0,12491.0,14828.0,57756.0,48975.0,9706.0
3081.0,55026.0,3305.0,36775.0,52393.0,27630.0,9129.0,22846.0,14843.0,19117.0
39949.0,63432.0,34616.0,54871.0,17725.0,44779.0,28637.0,63181.0,27213.0,63939.0
59957.0,2847.0,54221.0,202.0,229.0,17017.0,297.0,53396.0,3728.0,22850.0
64852.0,50801.0,65046.0,21058.0,64859.0,164.0,64856.0,209.0,25781.0,37740.0
35555.0,25532.0,57245.0,15431.0,44761.0,49653.0,744.0,9634.0,3762.0,21897.0
19852.0,46530.0,250.0,37154.0,37160.0,35627.0,48815.0,22427.0,29445.0,21826.0
913.0,57892.0,37500.0,34351.0,17069.0,39958.0,57143.0,23273.0,45140.0,63208.0
58294.0,55087.0,8397.0,11834.0,16647.0,37480.0,6027.0,55085.0,14526.0,44606.0
237.0,240.0,14234.0,2206.0,43840.0,63436.0,3332.0,6663.0,4331.0,46515.0
55764.0,53290.0,56863.0,59559.0,51903.0,53730.0,51873.0,30534.0,36382.0,51861.0
57765.0,48947.0,56220.0,63656.0,2686.0,15022.0,350.0,32387.0,49830.0,32336.0
44753.0,24232.0,35593.0,23121.0,32689.0,34744.0,5455.0,6457.0,6507.0,19494.0
22605.0,6568.0,5327.0,31499.0,22169.0,14844.0,22307.0,54821.0,14960.0,65932.0
23583.0,65032.0,290.0,4424.0,62796.0,34968.0,214.0,1584.0,2269.0,62811.0
3336.0,10237.0,57143.0,788.0,923.0,14239.0,685.0,57747.0,10227.0,861.0
6420.0,9663.0,23884.0,22641.0,62968.0,19491.0,24848.0,53703.0,33624.0,30377.0
42013.0,2630.0,26689.0,51782.0,52887.0,50603.0,591.0,16580.0,62262.0,55200.0
37296.0,25861.0,61636.0,57351.0,3468.0,3414.0,18754.0,42078.0,42109.0,57358.0
37528.0,51466.0,59850.0,10014.0,40687.0,58375.0,40648.0,39617.0,685.0,4983.0
65932.0,14844.0,2099.0,36266.0,27192.0,13626.0,23640.0,57750.0,499.0,31499.0
44603.0,225.0,3332.0,14348.0,62738.0,3944.0,44180.0,63436.0,58589.0,9818.0
55521.0,44956.0,65222.0,44044.0,2729.0,42217.0,60566.0,4952.0,63514.0,12646.0
1730.0,1565.0,2147.0,58295.0,25940.0,29866.0,34914.0,57125.0,1802.0,55643.0
14348.0,225.0,14234.0,46515.0,237.0,6725.0,58589.0,47494.0,6663.0,59537.0
58295.0,3883.0,1739.0,29866.0,247.0,19866.0,556.0,30053.0,43060.0,17608.0
32634.0,65994.0,44714.0,13416.0,9967.0,32910.0,65931.0,31658.0,64792.0,40943.0
35637.0,37754.0,28897.0,12481.0,12478.0,39327.0,14234.0,6725.0,31782.0,38021.0
63748.0,18425.0,22698.0,46565.0,10848.0,37995.0,57408.0,154.0,27675.0,46997.0
57358.0,52978.0,21186.0,21691.0,42109.0,32625.0,37325.0,10226.0,10792.0,55948.0
55445.0,3598.0,21657.0,30534.0,27764.0,21513.0,50070.0,21680.0,52412.0,29156.0
29866.0,3883.0,20780.0,57681.0,3340.0,7282.0,30248.0,55151.0,55456.0,22249.0
7245.0,10801.0,18787.0,66107.0,256.0,49683.0,33828.0,5011.0,21755.0,46349.0
3480.0,57447.0,26680.0,1816.0,22702.0,22100.0,13873.0,3410.0,609.0,2218.0
37160.0,977.0,32286.0,11959.0,22256.0,22427.0,10096.0,35627.0,63355.0,38742.0
38699.0,52921.0,34524.0,38046.0,23802.0,30376.0,55034.0,34528.0,62903.0,1004.0
36864.0,42875.0,55359.0,65872.0,50462.0,36766.0,37737.0,60546.0,22128.0,50284.0
54597.0,39988.0,2471.0,42863.0,51558.0,46572.0,17580.0,35396.0,24886.0,27655.0
53088.0,46540.0,13571.0,14795.0,17156.0,33773.0,67014.0,16825.0,16544.0,8464.0
37092.0,46507.0,7342.0,59438.0,9553.0,26154.0,55440.0,61577.0,54697.0,29900.0
62983.0,63515.0,936.0,26479.0,248.0,1772.0,53690.0,51048.0,56240.0,33828.0
37940.0,51210.0,55029.0,44913.0,1411.0,40334.0,55342.0,507.0,26180.0,42344.0
21059.0,61007.0,22574.0,2454.0,44626.0,19634.0,943.0,1591.0,7951.0,22727.0
58388.0,18379.0,52716.0,36407.0,1980.0,4324.0,20782.0,5093.0,21341.0,36775.0
43812.0,51139.0,30042.0,8450.0,28114.0,12436.0,60129.0,61739.0,17692.0,35555.0
35631.0,21965.0,18773.0,42222.0,18726.0,63749.0,64532.0,30334.0,27836.0,62953.0
9942.0,23544.0,4983.0,46159.0,923.0,57363.0,51466.0,54798.0,2269.0,23639.0
55445.0,62264.0,371.0,4671.0,287.0,30537.0,18786.0,48244.0,2274.0,50857.0
66058.0,3410.0,281.0,42358.0,2218.0,13873.0,26680.0,517.0,57447.0,8832.0
8801.0,21186.0,61698.0,21691.0,29933.0,46853.0,49048.0,54742.0,1419.0,28149.0
3436.0,43116.0,938.0,905.0,929.0,62901.0,34566.0,37977.0,991.0,990.0
29953.0,52975.0,63962.0,21702.0,49046.0,66121.0,373.0,3456.0,50481.0,108.0
12816.0,17059.0,44277.0,11568.0,30377.0,921.0,33624.0,40305.0,48761.0,4613.0
2274.0,18786.0,287.0,1444.0,1892.0,3347.0,4671.0,263.0,62944.0,14637.0
264.0,3456.0,517.0,3410.0,56404.0,57402.0,63962.0,62929.0,13873.0,281.0
19185.0,45142.0,35365.0,557.0,19745.0,14665.0,23979.0,44752.0,28129.0,1648.0
12811.0,55024.0,17643.0,23806.0,26159.0,34662.0,58003.0,37711.0,66955.0,21138.0
60731.0,7797.0,48745.0,62939.0,54755.0,44932.0,54590.0,2483.0,2452.0,66788.0
22171.0,7011.0,4625.0,18755.0,51312.0,19654.0,1693.0,65931.0,289.0,46877.0
208.0,32639.0,280.0,38052.0,32652.0,56214.0,32742.0,10852.0,40539.0,24843.0
1854.0,65333.0,47576.0,2768.0,60861.0,61663.0,173.0,9576.0,32604.0,241.0
49520.0,44600.0,60251.0,27192.0,32619.0,58568.0,51218.0,57670.0,5014.0,61049.0
40733.0,34928.0,8374.0,47527.0,66721.0,40653.0,55052.0,13598.0,279.0,3355.0
66721.0,67371.0,40959.0,34910.0,66937.0,3228.0,5160.0,47504.0,4982.0,3879.0
62968.0,4516.0,15049.0,39798.0,43075.0,275.0,19491.0,38052.0,33926.0,36348.0
8832.0,517.0,270.0,66058.0,56404.0,57402.0,56805.0,26680.0,42358.0,2218.0
56379.0,228.0,21967.0,66229.0,34924.0,45905.0,34923.0,1734.0,1846.0,22508.0
7361.0,13471.0,37723.0,7370.0,44913.0,521.0,66340.0,51217.0,26180.0,30315.0
990.0,62918.0,34569.0,991.0,10518.0,62901.0,13467.0,34566.0,62965.0,34521.0
26709.0,3343.0,44359.0,62264.0,19878.0,46860.0,64023.0,52395.0,51163.0,54803.0
20771.0,46349.0,66656.0,35573.0,66126.0,4471.0,52540.0,1419.0,45395.0,32617.0
18783.0,2274.0,61675.0,269.0,263.0,4671.0,50857.0,41970.0,62949.0,57590.0
63918.0,58322.0,25703.0,289.0,42920.0,142.0,22556.0,19654.0,57652.0,44626.0
43934.0,22289.0,142.0,22171.0,7011.0,44753.0,288.0,1693.0,22514.0,5043.0
57342.0,62811.0,66800.0,64802.0,230.0,13598.0,22611.0,2269.0,4424.0,65032.0
14953.0,14943.0,49646.0,49471.0,6937.0,41378.0,41987.0,3747.0,14402.0,1646.0
28005.0,33874.0,41537.0,44201.0,46501.0,22946.0,45428.0,62347.0,39913.0,39450.0
26151.0,55023.0,23806.0,31920.0,44752.0,12601.0,14299.0,44991.0,14456.0,23676.0
5932.0,37152.0,37996.0,36364.0,20732.0,36135.0,6397.0,8111.0,37090.0,26695.0
2459.0,52928.0,35084.0,28659.0,4847.0,30990.0,1622.0,32908.0,61724.0,28898.0
37681.0,34936.0,58643.0,771.0,9657.0,4918.0,10232.0,62951.0,33559.0,1479.0
8510.0,23640.0,14822.0,6568.0,5327.0,59957.0,13626.0,14844.0,25050.0,36266.0
20775.0,1039.0,49132.0,18729.0,18788.0,66124.0,61676.0,34560.0,67858.0,1835.0
10866.0,38019.0,47470.0,10865.0,30328.0,57393.0,62903.0,26537.0,10863.0,43989.0
42061.0,50343.0,29032.0,52090.0,21920.0,32759.0,32773.0,22240.0,10398.0,50828.0
25898.0,52211.0,20349.0,15460.0,15466.0,3296.0,15471.0,3961.0,15464.0,54237.0
60398.0,20377.0,66903.0,40846.0,50564.0,60646.0,15530.0,496.0,3482.0,15462.0
42327.0,56344.0,54313.0,21946.0,38325.0,30302.0,57506.0,54277.0,54295.0,30357.0
21954.0,30300.0,30274.0,30330.0,63059.0,52225.0,3955.0,52271.0,56283.0,41954.0
597.0,42207.0,54277.0,60968.0,63736.0,57506.0,24132.0,54251.0,19840.0,19885.0
8419.0,55399.0,31466.0,37110.0,44884.0,21347.0,7337.0,62501.0,27690.0,20654.0
4516.0,43502.0,2251.0,33752.0,33926.0,39013.0,32681.0,47003.0,17024.0,27669.0
38572.0,19879.0,43503.0,46844.0,63699.0,21918.0,50677.0,35360.0,35618.0,59489.0
27731.0,7328.0,26170.0,22689.0,56608.0,10541.0,312.0,13496.0,10871.0,23868.0
35577.0,38702.0,30163.0,58649.0,60748.0,35580.0,58805.0,57326.0,66049.0,54239.0
57604.0,572.0,61149.0,66123.0,40326.0,57894.0,52251.0,52271.0,3432.0,63059.0
27731.0,17049.0,32766.0,43065.0,21923.0,47444.0,8386.0,13496.0,13482.0,45837.0
8331.0,183.0,67889.0,40017.0,60001.0,56165.0,56197.0,63332.0,65217.0,1728.0
5058.0,51190.0,47542.0,136.0,40199.0,37312.0,46694.0,36388.0,18765.0,55375.0
40350.0,42086.0,56491.0,18482.0,18503.0,35614.0,56497.0,46853.0,25676.0,25866.0
30367.0,60112.0,57224.0,28533.0,54287.0,27997.0,18676.0,66102.0,31294.0,30375.0
5237.0,32350.0,17751.0,4994.0,49875.0,59993.0,653.0,17752.0,15051.0,43263.0
46263.0,64462.0,2936.0,64218.0,49538.0,12181.0,31762.0,35346.0,56327.0,19692.0
42694.0,49105.0,56051.0,19041.0,49782.0,51.0,20030.0,19461.0,43340.0,5563.0
21946.0,30314.0,46966.0,55690.0,1437.0,21655.0,48976.0,32832.0,2605.0,1455.0
4673.0,27177.0,51732.0,50309.0,6684.0,4544.0,17005.0,19894.0,37139.0,60268.0
60752.0,581.0,62947.0,180.0,21755.0,27432.0,66107.0,49683.0,14331.0,18709.0
63965.0,2716.0,1496.0,2651.0,37877.0,4974.0,50652.0,52540.0,1525.0,46993.0
3813.0,21743.0,34933.0,1545.0,32725.0,58587.0,1865.0,56225.0,58628.0,3991.0
54590.0,39984.0,35466.0,4938.0,6370.0,9817.0,57210.0,66146.0,10975.0,35465.0
48725.0,64981.0,14245.0,29514.0,62850.0,44089.0,61714.0,5088.0,12078.0,14257.0
63341.0,54274.0,57106.0,32838.0,66461.0,45141.0,3760.0,16517.0,62095.0,31236.0
33485.0,19737.0,18650.0,3975.0,13771.0,26162.0,59063.0,60114.0,66370.0,65083.0
22612.0,21802.0,26156.0,22677.0,13788.0,21866.0,22961.0,37734.0,48899.0,16436.0
49049.0,49130.0,1829.0,46508.0,57772.0,39620.0,2485.0,46290.0,38009.0,4563.0
51548.0,61564.0,36616.0,10627.0,25219.0,55623.0,49036.0,58308.0,59432.0,5039.0
63423.0,40011.0,40000.0,6313.0,26733.0,43845.0,51228.0,1414.0,4663.0,45894.0
60310.0,8905.0,36867.0,3894.0,32807.0,29981.0,46115.0,51937.0,1452.0,52055.0
3281.0,52365.0,5888.0,35717.0,13550.0,3232.0,50263.0,17423.0,64857.0,8560.0
55979.0,12704.0,1306.0,57055.0,49221.0,41333.0,2788.0,20201.0,37921.0,12693.0
43511.0,36012.0,16599.0,31769.0,25001.0,59525.0,48733.0,67037.0,56553.0,63045.0
29119.0,57492.0,44502.0,37507.0,58311.0,2658.0,1245.0,17230.0,37223.0,48950.0
67788.0,60874.0,62250.0,44757.0,66890.0,63295.0,65244.0,66892.0,55956.0,57254.0
41956.0,55481.0,14598.0,48997.0,56217.0,7604.0,62266.0,57654.0,14628.0,24141.0
61775.0,32767.0,14990.0,60297.0,591.0,19942.0,42013.0,57600.0,66458.0,59601.0
56901.0,29538.0,9317.0,17637.0,38940.0,30545.0,24655.0,28066.0,57734.0,28526.0
19800.0,41902.0,59510.0,21185.0,14263.0,3078.0,36562.0,60298.0,63577.0,32448.0
25701.0,2212.0,48919.0,22222.0,4595.0,12798.0,57518.0,14699.0,59520.0,67901.0
58345.0,184.0,36770.0,42670.0,53364.0,47792.0,12905.0,35431.0,66189.0,12927.0
24103.0,6133.0,58387.0,26794.0,6154.0,63925.0,14568.0,60628.0,12302.0,12253.0
52032.0,14350.0,14031.0,57605.0,59475.0,20414.0,38337.0,3911.0,44391.0,15470.0
7139.0,6083.0,45712.0,8275.0,22898.0,35652.0,21784.0,1963.0,35853.0,16495.0
41963.0,516.0,46620.0,30136.0,1451.0,21960.0,63359.0,53677.0,531.0,26792.0
59600.0,4645.0,58023.0,54243.0,26726.0,63695.0,21687.0,55091.0,54752.0,58250.0
56229.0,36323.0,28562.0,48683.0,7797.0,33764.0,66222.0,850.0,12091.0,5031.0
31995.0,47167.0,12057.0,17463.0,62070.0,4043.0,51130.0,55392.0,8769.0,58064.0
24076.0,47046.0,26134.0,6471.0,62978.0,57298.0,26133.0,13521.0,13855.0,13458.0
41014.0,6288.0,63882.0,63695.0,1893.0,30341.0,520.0,67161.0,1819.0,21687.0
31803.0,3719.0,43459.0,52312.0,14647.0,8444.0,61001.0,35077.0,51124.0,2024.0
57603.0,61814.0,22699.0,29006.0,58252.0,390.0,33779.0,4781.0,16985.0,30867.0
64033.0,63734.0,52970.0,19942.0,30173.0,20758.0,21915.0,591.0,62418.0,65791.0
51961.0,67830.0,19870.0,29736.0,63414.0,51170.0,28114.0,2401.0,48727.0,43812.0
19811.0,53004.0,50301.0,18795.0,62065.0,61754.0,64068.0,1458.0,2677.0,62096.0
21732.0,14623.0,12084.0,61770.0,14358.0,558.0,21721.0,60184.0,51836.0,61722.0
11939.0,52744.0,58792.0,58031.0,50709.0,55182.0,42026.0,4626.0,13495.0,1814.0
44368.0,53304.0,56436.0,64078.0,66004.0,49501.0,52537.0,57289.0,62579.0,33154.0
62052.0,2359.0,9280.0,8867.0,59084.0,15285.0,17039.0,64075.0,31907.0,44024.0
9544.0,15064.0,21990.0,44363.0,46602.0,22370.0,13862.0,47044.0,57751.0,59461.0
60472.0,47352.0,15531.0,4746.0,29628.0,57644.0,65677.0,14031.0,15121.0,15471.0
32777.0,33186.0,38324.0,16578.0,22201.0,32735.0,8396.0,14633.0,54168.0,64923.0
2620.0,47448.0,19811.0,32693.0,63894.0,6571.0,61745.0,36843.0,63286.0,25228.0
59622.0,44345.0,50259.0,46912.0,19599.0,32936.0,64277.0,51996.0,1925.0,2078.0
36953.0,27536.0,42279.0,45353.0,39237.0,58098.0,50787.0,59173.0,61904.0,28142.0
14203.0,58608.0,4041.0,63402.0,21737.0,52930.0,38326.0,22192.0,14663.0,21877.0
558.0,61701.0,67941.0,22191.0,14357.0,16580.0,63342.0,55500.0,51782.0,4651.0
4740.0,62038.0,54802.0,57279.0,263.0,1892.0,14637.0,3419.0,4657.0,7783.0
50527.0,2757.0,63332.0,67843.0,67890.0,30216.0,7143.0,21108.0,49011.0,60182.0
29953.0,10217.0,46477.0,50481.0,108.0,52975.0,23883.0,47515.0,1404.0,21107.0
16581.0,56320.0,17000.0,53525.0,52892.0,42868.0,4097.0,41894.0,54255.0,45171.0
35345.0,65916.0,29558.0,59858.0,21950.0,53340.0,14678.0,15515.0,51940.0,60437.0
3398.0,4831.0,9983.0,60194.0,21398.0,14930.0,1873.0,18427.0,12798.0,21752.0
57106.0,65942.0,30913.0,41977.0,49673.0,43925.0,66434.0,20760.0,15507.0,63341.0
7177.0,23397.0,31671.0,50289.0,21935.0,31820.0,36105.0,31795.0,57718.0,6482.0
2434.0,51985.0,2287.0,21799.0,28119.0,44907.0,40943.0,62462.0,21147.0,16997.0
35717.0,1950.0,3399.0,33474.0,57783.0,68014.0,21421.0,8560.0,5888.0,3232.0
38119.0,1856.0,46020.0,52044.0,55199.0,181.0,3230.0,12894.0,42075.0,1426.0
53424.0,44272.0,4194.0,31807.0,43968.0,24301.0,47286.0,61568.0,65286.0,45996.0
58009.0,30933.0,32735.0,51869.0,64928.0,27709.0,15392.0,65920.0,2420.0,27209.0
13847.0,4550.0,28113.0,36881.0,43456.0,42662.0,52899.0,804.0,17042.0,4535.0
42055.0,4684.0,38191.0,31763.0,1895.0,39444.0,64954.0,37986.0,37984.0,41218.0
49603.0,5191.0,16329.0,9213.0,23166.0,34135.0,11747.0,42688.0,40358.0,8953.0
34899.0,40430.0,40701.0,45736.0,55507.0,63086.0,64080.0,61628.0,55768.0,36108.0
13474.0,35606.0,3461.0,57706.0,25663.0,13513.0,312.0,59467.0,19887.0,17049.0
63286.0,14906.0,25228.0,14572.0,60979.0,47448.0,24951.0,6132.0,2033.0,55556.0
60831.0,25721.0,16286.0,17038.0,41919.0,16578.0,23753.0,63287.0,56306.0,63995.0
58779.0,31741.0,21123.0,57028.0,15363.0,46636.0,51985.0,33816.0,41894.0,58373.0
42670.0,58599.0,19742.0,42014.0,61879.0,27220.0,64809.0,22532.0,30613.0,44267.0
23553.0,51314.0,19713.0,8164.0,35871.0,9927.0,36799.0,2074.0,35855.0,12922.0
10465.0,7188.0,61745.0,35672.0,36835.0,55199.0,62807.0,36813.0,4084.0,31204.0
15227.0,18968.0,64918.0,15552.0,188.0,19799.0,7167.0,53340.0,49665.0,51998.0
63278.0,19089.0,48380.0,15635.0,58603.0,43443.0,48302.0,43201.0,23703.0,62210.0
30254.0,52218.0,32721.0,58347.0,64968.0,53394.0,48879.0,52248.0,4795.0,52244.0
42074.0,56291.0,66978.0,63287.0,19942.0,30170.0,14219.0,42326.0,61718.0,17043.0
29714.0,15544.0,20428.0,54216.0,15527.0,54178.0,14678.0,15535.0,15515.0,60406.0
22814.0,39244.0,19017.0,31980.0,46081.0,19668.0,6733.0,22743.0,24115.0,34731.0
6943.0,65986.0,24758.0,6966.0,66328.0,35124.0,13257.0,2036.0,7514.0,64755.0
2412.0,62413.0,6932.0,5657.0,31700.0,42812.0,49672.0,67661.0,29814.0,22803.0
23342.0,12576.0,39819.0,3643.0,28531.0,23330.0,1776.0,1280.0,22742.0,3640.0
2791.0,55545.0,31056.0,16124.0,46138.0,4599.0,25921.0,4484.0,25242.0,35881.0
12002.0,54504.0,48627.0,5602.0,25223.0,47142.0,28329.0,47100.0,58015.0,66827.0
58135.0,53611.0,64114.0,32427.0,39573.0,51755.0,67272.0,20531.0,56912.0,16014.0
39716.0,4405.0,12016.0,19595.0,28146.0,17411.0,42851.0,16038.0,1794.0,46380.0
28677.0,7994.0,6063.0,4580.0,60951.0,54087.0,59371.0,31148.0,49070.0,44250.0
29881.0,8548.0,5807.0,59103.0,60919.0,18846.0,59755.0,59314.0,55124.0,67704.0
47131.0,48597.0,49502.0,46072.0,47660.0,44837.0,66585.0,60568.0,2084.0,59282.0
36171.0,65812.0,64312.0,23902.0,28549.0,31322.0,17398.0,25718.0,34073.0,25727.0
55357.0,37271.0,8140.0,26799.0,31936.0,62068.0,2113.0,12792.0,37417.0,12866.0
63135.0,51905.0,43721.0,45488.0,51108.0,51864.0,1712.0,30561.0,28036.0,49590.0
1824.0,37986.0,64081.0,49045.0,33487.0,12119.0,62746.0,48936.0,31775.0,42699.0
44322.0,7282.0,58793.0,9588.0,45169.0,46993.0,37153.0,42914.0,2243.0,49479.0
756.0,41037.0,60130.0,62081.0,32418.0,1975.0,14328.0,24817.0,50812.0,37100.0
24784.0,31903.0,39612.0,8780.0,32545.0,22927.0,2215.0,8620.0,20910.0,22603.0
37455.0,35460.0,65765.0,35642.0,9701.0,25882.0,9569.0,31904.0,10961.0,37403.0
61857.0,24343.0,27600.0,31860.0,31862.0,45104.0,7005.0,25618.0,54448.0,49137.0
46116.0,30738.0,30743.0,27976.0,15163.0,19660.0,24017.0,64385.0,30085.0,38275.0
2213.0,2950.0,54747.0,57093.0,4365.0,51740.0,54574.0,54568.0,4327.0,54966.0
56425.0,46021.0,67935.0,48744.0,51772.0,9429.0,44309.0,27541.0,53590.0,19510.0
1901.0,49357.0,26144.0,57741.0,641.0,7794.0,26484.0,24249.0,13799.0,36118.0
39538.0,8082.0,63212.0,8058.0,40800.0,7901.0,50089.0,8062.0,50011.0,5472.0
48885.0,55351.0,47816.0,1969.0,9515.0,38319.0,25920.0,18626.0,681.0,45397.0
23570.0,7477.0,7464.0,23075.0,28395.0,42177.0,61857.0,3613.0,17430.0,9154.0
13978.0,52342.0,6706.0,12017.0,55636.0,22360.0,22392.0,18960.0,35133.0,24512.0
3334.0,21708.0,38435.0,6338.0,17675.0,31908.0,17739.0,67998.0,49086.0,42783.0
8803.0,44379.0,10604.0,21154.0,4412.0,1799.0,51719.0,58122.0,21121.0,47754.0
34120.0,14270.0,24160.0,67828.0,65975.0,3560.0,39175.0,13298.0,14096.0,13224.0
2745.0,29153.0,51012.0,60382.0,4431.0,14303.0,54203.0,50377.0,34142.0,67633.0
24158.0,4126.0,29454.0,63114.0,29485.0,6652.0,46618.0,55371.0,39598.0,63578.0
27381.0,41998.0,54876.0,16138.0,55545.0,15690.0,16282.0,19466.0,28805.0,46402.0
9059.0,35877.0,36381.0,2828.0,2781.0,63318.0,48877.0,7791.0,26809.0,29397.0
24672.0,56655.0,63198.0,12399.0,42267.0,38952.0,57080.0,47996.0,9233.0,39536.0
22230.0,60921.0,60920.0,21671.0,54825.0,48414.0,41905.0,24135.0,4889.0,65563.0
58157.0,39521.0,16690.0,446.0,2427.0,34014.0,33925.0,9088.0,62087.0,39606.0
1865.0,7704.0,4831.0,55094.0,42935.0,14248.0,66367.0,65755.0,32679.0,14515.0
32541.0,33453.0,48712.0,49426.0,36159.0,32512.0,14708.0,8593.0,8926.0,24252.0
45741.0,61646.0,32963.0,55682.0,16219.0,1474.0,1833.0,2816.0,33403.0,55798.0
59078.0,21733.0,63370.0,43534.0,12036.0,49302.0,49534.0,28171.0,8400.0,14508.0
27755.0,66622.0,59891.0,27727.0,52935.0,27784.0,54605.0,54373.0,20325.0,56081.0
53550.0,53689.0,56261.0,54223.0,63879.0,47644.0,57148.0,63134.0,35001.0,18801.0
23959.0,16364.0,62121.0,61751.0,37194.0,51344.0,10618.0,10731.0,45470.0,13419.0
54990.0,65708.0,38200.0,1764.0,24136.0,1826.0,67831.0,2021.0,38172.0,48861.0
35154.0,437.0,10922.0,66730.0,62090.0,35509.0,37425.0,44249.0,4964.0,53483.0
12142.0,61082.0,24243.0,54704.0,6805.0,21744.0,57755.0,37379.0,14160.0,7997.0
63777.0,35437.0,55871.0,61032.0,20881.0,16482.0,35308.0,30456.0,37807.0,23174.0
53395.0,31639.0,12926.0,1964.0,53538.0,30632.0,47615.0,61858.0,62861.0,3064.0
47244.0,56962.0,38229.0,54779.0,64107.0,47603.0,50375.0,1428.0,5019.0,593.0
16463.0,35649.0,25429.0,13424.0,3244.0,25487.0,63232.0,7082.0,24368.0,60629.0
40453.0,638.0,12745.0,38724.0,3526.0,46440.0,661.0,12757.0,56695.0,12749.0
5294.0,706.0,12009.0,7792.0,56943.0,44291.0,62687.0,44302.0,869.0,5856.0
48097.0,34476.0,20584.0,34423.0,6176.0,20533.0,57954.0,52595.0,44292.0,2913.0
32532.0,13032.0,44518.0,39513.0,10744.0,49257.0,12218.0,10610.0,4393.0,47250.0
67978.0,11436.0,11330.0,39094.0,15874.0,34997.0,10273.0,11441.0,15896.0,26331.0
14752.0,32561.0,27044.0,27033.0,10209.0,13622.0,7093.0,23491.0,39671.0,32842.0
22218.0,17133.0,35485.0,37283.0,8534.0,4059.0,19612.0,48883.0,31068.0,29401.0
12900.0,25918.0,11277.0,26368.0,3710.0,36273.0,5487.0,9449.0,20235.0,36069.0
28270.0,23048.0,23835.0,45279.0,11335.0,19585.0,23107.0,35037.0,39366.0,55717.0
49349.0,46402.0,1916.0,8748.0,7117.0,7211.0,48430.0,2892.0,15153.0,27175.0
58809.0,24246.0,13461.0,61139.0,13503.0,15201.0,15424.0,50695.0,55700.0,20895.0
15636.0,15086.0,32285.0,8746.0,40526.0,3864.0,23345.0,33954.0,30045.0,41332.0
59834.0,36097.0,41753.0,13879.0,60949.0,33574.0,60107.0,6867.0,63503.0,42763.0
55254.0,59397.0,4241.0,38373.0,2303.0,2370.0,5159.0,51332.0,59448.0,48755.0
9718.0,34951.0,5397.0,66052.0,5611.0,36084.0,59706.0,45170.0,56373.0,4616.0
10603.0,38771.0,63468.0,37552.0,41365.0,5196.0,11788.0,65686.0,44398.0,56880.0
19361.0,40791.0,6955.0,8992.0,29431.0,20926.0,40762.0,8168.0,9021.0,19415.0
36158.0,43290.0,15703.0,38595.0,64280.0,64735.0,7210.0,4658.0,5415.0,49193.0
1635.0,5699.0,41125.0,15178.0,39180.0,15147.0,15458.0,22824.0,23371.0,11730.0
13191.0,65183.0,59221.0,17465.0,13292.0,8521.0,5560.0,17190.0,470.0,65530.0
46421.0,12711.0,15335.0,15116.0,13340.0,8920.0,64318.0,40481.0,29832.0,2625.0
22439.0,1491.0,43453.0,46979.0,12549.0,21680.0,48726.0,1775.0,66404.0,5243.0
1685.0,7784.0,12032.0,44938.0,7909.0,7498.0,1363.0,5253.0,7297.0,10139.0
9535.0,7934.0,32917.0,9600.0,6646.0,31952.0,51992.0,9750.0,63091.0,9297.0
3166.0,64070.0,28029.0,3223.0,9212.0,39387.0,42727.0,51880.0,61728.0,9175.0
41340.0,1400.0,15084.0,8746.0,42015.0,39744.0,15072.0,15155.0,40631.0,60416.0
45090.0,29852.0,38467.0,1503.0,35762.0,43801.0,37644.0,47183.0,61692.0,21069.0
17583.0,46561.0,31694.0,51061.0,37672.0,36787.0,52899.0,2491.0,33533.0,4564.0
59615.0,63644.0,51144.0,64989.0,61929.0,31951.0,4674.0,53395.0,39903.0,53538.0
46912.0,64871.0,3080.0,1666.0,22601.0,25077.0,21417.0,367.0,7473.0,37710.0
7927.0,54988.0,55662.0,56074.0,67791.0,21674.0,8183.0,51332.0,57016.0,2095.0
47492.0,31623.0,45402.0,1411.0,55029.0,26180.0,13662.0,22003.0,34553.0,52900.0
51187.0,55032.0,23524.0,44722.0,3070.0,55026.0,46917.0,21647.0,30618.0,39394.0
59097.0,2353.0,35112.0,1779.0,11188.0,59728.0,9735.0,22446.0,35076.0,60312.0
24617.0,57835.0,29537.0,54676.0,5018.0,7223.0,10272.0,24464.0,3025.0,46166.0
36744.0,3739.0,42349.0,21618.0,23278.0,59541.0,55526.0,32489.0,37629.0,39281.0
43758.0,53837.0,54994.0,67886.0,67308.0,51835.0,64078.0,5320.0,44355.0,54776.0
718.0,46573.0,31808.0,35456.0,44191.0,4598.0,7177.0,48941.0,1946.0,16985.0
67912.0,54768.0,38247.0,31304.0,36064.0,58547.0,27477.0,36771.0,38168.0,38195.0
4365.0,57289.0,23274.0,12067.0,50369.0,12066.0,62103.0,50314.0,63792.0,23254.0
62908.0,55025.0,26159.0,999.0,45952.0,12811.0,17143.0,55018.0,22131.0,17643.0
10598.0,35850.0,66926.0,47532.0,22131.0,31709.0,32711.0,43816.0,701.0,48873.0
45894.0,62922.0,35575.0,30359.0,54231.0,30302.0,60746.0,3871.0,10862.0,38326.0
31550.0,17014.0,32752.0,13855.0,6471.0,26134.0,26133.0,352.0,13458.0,30343.0
60646.0,62955.0,47439.0,59484.0,57390.0,57293.0,3482.0,58797.0,15469.0,66109.0
40854.0,58837.0,60411.0,53795.0,48956.0,63669.0,13914.0,60408.0,58821.0,20340.0
64255.0,24303.0,7116.0,64486.0,27531.0,27528.0,23774.0,14099.0,42162.0,16758.0
2099.0,236.0,12410.0,11082.0,65932.0,55163.0,49520.0,44600.0,38005.0,272.0
52942.0,44738.0,53677.0,507.0,56802.0,3420.0,38047.0,10862.0,42225.0,3997.0
3406.0,22192.0,4663.0,30131.0,38310.0,40011.0,51228.0,1449.0,14300.0,51201.0
10404.0,2698.0,23620.0,21606.0,60789.0,32728.0,32729.0,60824.0,18033.0,18419.0
50842.0,59600.0,58250.0,42238.0,26726.0,30242.0,2256.0,54752.0,8823.0,38165.0
21897.0,744.0,62909.0,66991.0,41206.0,541.0,16982.0,25532.0,34977.0,3734.0
16829.0,12610.0,19857.0,53490.0,24728.0,44758.0,12855.0,1785.0,66896.0,27901.0
19880.0,22063.0,30245.0,60233.0,50984.0,57251.0,45175.0,57028.0,21724.0,31741.0
56802.0,3997.0,66564.0,500.0,25764.0,34598.0,42344.0,55342.0,44738.0,30335.0
2490.0,63918.0,6739.0,13887.0,12263.0,10402.0,60194.0,3763.0,44903.0,13588.0
21953.0,30135.0,16503.0,36039.0,21955.0,4844.0,52220.0,65897.0,17009.0,17043.0
55508.0,6549.0,3760.0,46051.0,67945.0,2365.0,2470.0,54796.0,37986.0,52999.0
21107.0,63386.0,34532.0,21702.0,56214.0,4436.0,52975.0,62886.0,63746.0,1817.0
32744.0,39358.0,15840.0,33946.0,11570.0,14132.0,46969.0,20397.0,44923.0,20400.0
13751.0,51766.0,1481.0,36815.0,17034.0,36745.0,17064.0,57683.0,47500.0,66083.0
32732.0,30141.0,55001.0,59435.0,21737.0,20806.0,40020.0,51177.0,47042.0,35725.0
33145.0,60280.0,43990.0,7705.0,33309.0,1431.0,14371.0,16548.0,37743.0,21932.0
504.0,3734.0,10859.0,34977.0,21897.0,531.0,62909.0,34598.0,744.0,1451.0
3410.0,270.0,4695.0,3473.0,62900.0,914.0,13456.0,66058.0,13873.0,56404.0
55678.0,61574.0,54275.0,66868.0,4692.0,59435.0,42278.0,26672.0,13665.0,67034.0
540.0,2617.0,29632.0,27412.0,57674.0,57699.0,2288.0,17036.0,32694.0,33479.0
53525.0,30341.0,6288.0,21737.0,55051.0,39989.0,16581.0,45171.0,56374.0,63659.0
63437.0,47450.0,10522.0,40334.0,44913.0,30347.0,38538.0,63942.0,1481.0,26991.0
30145.0,6472.0,63687.0,35554.0,66564.0,36523.0,25578.0,35583.0,52269.0,59447.0
52910.0,47446.0,14355.0,53446.0,17019.0,19849.0,54182.0,522.0,29010.0,525.0
22203.0,57599.0,21877.0,29018.0,21714.0,42299.0,32784.0,2618.0,7766.0,54546.0
56341.0,52269.0,4097.0,30145.0,47446.0,25578.0,47466.0,63987.0,54302.0,30323.0
38326.0,41183.0,25639.0,32670.0,38719.0,25720.0,35554.0,52961.0,32626.0,1467.0
60712.0,34903.0,6277.0,26683.0,47594.0,49446.0,145.0,49510.0,61066.0,175.0
3446.0,1463.0,154.0,57787.0,25639.0,25764.0,3997.0,40496.0,56802.0,63737.0
67945.0,8148.0,6549.0,61052.0,57694.0,31236.0,58077.0,14624.0,35626.0,54535.0
57260.0,57403.0,65349.0,47511.0,21737.0,29019.0,33774.0,32732.0,48353.0,38218.0
112.0,34977.0,10859.0,48805.0,54209.0,54931.0,53679.0,62960.0,587.0,21878.0
47618.0,63747.0,2381.0,45373.0,47595.0,65568.0,12027.0,55483.0,60267.0,47617.0
37250.0,16646.0,4209.0,29078.0,29737.0,2255.0,62230.0,48920.0,43552.0,66441.0
65222.0,20794.0,49112.0,6512.0,40974.0,58237.0,1840.0,12093.0,42876.0,33877.0
32772.0,54279.0,57619.0,16557.0,46596.0,62251.0,56674.0,38778.0,60740.0,65791.0
39462.0,58506.0,49207.0,66173.0,29960.0,41084.0,49208.0,30989.0,40238.0,58921.0
39451.0,40966.0,21181.0,39932.0,46508.0,34653.0,37993.0,46341.0,39354.0,47530.0
59503.0,570.0,2200.0,32593.0,32701.0,33746.0,41183.0,43938.0,24904.0,32738.0
51620.0,30322.0,37971.0,29054.0,48887.0,41894.0,57221.0,4611.0,63988.0,52042.0
595.0,49653.0,519.0,44761.0,542.0,22052.0,33837.0,35555.0,42007.0,51213.0
54209.0,54931.0,578.0,55346.0,504.0,28152.0,28161.0,59488.0,13507.0,48952.0
540.0,57674.0,504.0,30335.0,41206.0,541.0,49653.0,578.0,26125.0,55342.0
13494.0,47036.0,11139.0,66989.0,6419.0,34538.0,57222.0,946.0,10550.0,54915.0
17005.0,64947.0,13457.0,7335.0,37183.0,56904.0,47046.0,6471.0,52040.0,22009.0
56232.0,35595.0,57675.0,15444.0,2605.0,42329.0,44182.0,57788.0,2209.0,59554.0
46432.0,55398.0,66790.0,8956.0,2353.0,12043.0,16851.0,47493.0,65368.0,58446.0
13179.0,34073.0,15239.0,29145.0,36192.0,15245.0,45767.0,61877.0,55315.0,896.0
1483.0,55603.0,46488.0,805.0,56158.0,57690.0,21312.0,40946.0,38018.0,32665.0
21163.0,46981.0,58035.0,14300.0,47594.0,50463.0,59619.0,1849.0,175.0,21752.0
844.0,13134.0,12389.0,51142.0,5867.0,9466.0,2813.0,24779.0,19528.0,12922.0
66025.0,67467.0,27447.0,27524.0,67913.0,47380.0,57177.0,27514.0,60849.0,60653.0
8809.0,23739.0,37345.0,37326.0,51168.0,4465.0,60849.0,67744.0,34860.0,31110.0
33779.0,15476.0,18124.0,19023.0,33203.0,45879.0,57618.0,7337.0,20503.0,25746.0
33136.0,13531.0,22248.0,58648.0,21652.0,41887.0,56339.0,57416.0,41913.0,32706.0
7155.0,6455.0,22011.0,4871.0,65286.0,48937.0,56232.0,59883.0,56407.0,545.0
4328.0,58295.0,2768.0,1802.0,27434.0,47484.0,7282.0,62511.0,1565.0,3369.0
271.0,39708.0,34692.0,37121.0,44606.0,37722.0,65994.0,13925.0,23060.0,28129.0
370.0,3729.0,22191.0,51482.0,27478.0,67002.0,54752.0,14357.0,32631.0,27509.0
29001.0,58608.0,63526.0,58593.0,32600.0,55496.0,57599.0,60714.0,32669.0,37102.0
37714.0,59904.0,53335.0,40975.0,47526.0,47625.0,16588.0,32664.0,37262.0,21690.0
57088.0,51210.0,24228.0,17209.0,57264.0,47500.0,513.0,36540.0,66083.0,63437.0
7796.0,134.0,2244.0,12044.0,12092.0,51991.0,63957.0,65037.0,5000.0,39496.0
40951.0,32678.0,37995.0,57299.0,63748.0,32624.0,63409.0,46997.0,32753.0,45864.0
52910.0,47446.0,14355.0,54182.0,17019.0,19849.0,525.0,53446.0,522.0,29010.0
43938.0,51437.0,35554.0,41183.0,52930.0,64967.0,36758.0,57699.0,17045.0,32626.0
67867.0,27475.0,21904.0,21898.0,67458.0,29946.0,27476.0,49446.0,29933.0,35573.0
56629.0,40395.0,30559.0,60872.0,1428.0,51909.0,7781.0,66119.0,50840.0,2643.0
48333.0,2470.0,54752.0,32659.0,38190.0,38209.0,60110.0,37984.0,60184.0,65222.0
43747.0,33269.0,7293.0,65235.0,61650.0,3925.0,57595.0,4253.0,7779.0,48833.0
59503.0,27411.0,150.0,40483.0,33927.0,40958.0,43938.0,183.0,55729.0,38106.0
55467.0,30245.0,23288.0,53654.0,53403.0,4473.0,26735.0,21109.0,62954.0,14289.0
57604.0,61149.0,311.0,52251.0,54319.0,66123.0,57894.0,3432.0,56759.0,32699.0
14692.0,61043.0,62761.0,21441.0,48698.0,49001.0,13956.0,50359.0,55560.0,14523.0
542.0,504.0,50567.0,578.0,41206.0,348.0,516.0,35555.0,41963.0,28161.0
58610.0,26178.0,7201.0,360.0,56232.0,21891.0,58792.0,42291.0,22011.0,19840.0
47482.0,58252.0,19881.0,35459.0,24132.0,13853.0,31793.0,33753.0,598.0,13533.0
60881.0,49300.0,10123.0,35076.0,21143.0,60018.0,47521.0,29348.0,31998.0,64031.0
54931.0,8435.0,53702.0,37944.0,59488.0,7411.0,64945.0,55346.0,541.0,28152.0
34553.0,55029.0,13872.0,52900.0,37940.0,16982.0,1411.0,55045.0,51210.0,66991.0
47481.0,590.0,42328.0,3921.0,30307.0,54289.0,63662.0,19919.0,39378.0,1455.0
180.0,4471.0,322.0,7245.0,51150.0,21755.0,4671.0,3407.0,20771.0,51048.0
55467.0,27494.0,45834.0,67941.0,30245.0,4748.0,37984.0,27493.0,349.0,558.0
1410.0,21746.0,50617.0,2647.0,63962.0,1403.0,6423.0,18433.0,52975.0,16586.0
44338.0,42026.0,50591.0,38177.0,26178.0,63057.0,21937.0,61233.0,30312.0,12082.0
21946.0,57788.0,30357.0,320.0,3849.0,33186.0,30356.0,21655.0,21641.0,56336.0
58595.0,59472.0,22024.0,32814.0,8425.0,14364.0,27655.0,7342.0,22004.0,6455.0
49016.0,54289.0,34593.0,53679.0,30191.0,66836.0,48805.0,47481.0,30307.0,19919.0
54768.0,7758.0,49510.0,64023.0,49533.0,3729.0,47539.0,49648.0,62030.0,14357.0
21966.0,48440.0,122.0,38218.0,46642.0,46657.0,54168.0,14633.0,32732.0,64094.0
103.0,56346.0,19919.0,580.0,30180.0,6471.0,35608.0,56904.0,54289.0,14220.0
42013.0,21915.0,41958.0,66043.0,67023.0,20758.0,42208.0,3735.0,28976.0,62262.0
60282.0,51213.0,22914.0,19900.0,24836.0,2012.0,51228.0,6313.0,1735.0,49653.0
46054.0,54779.0,64107.0,7787.0,55674.0,47563.0,47244.0,67108.0,5243.0,43734.0
54739.0,55483.0,60322.0,39407.0,5307.0,2634.0,47591.0,17010.0,21696.0,45373.0
22052.0,49653.0,45191.0,16524.0,51961.0,32809.0,51213.0,4536.0,10499.0,66872.0
39992.0,37137.0,41960.0,30897.0,7604.0,63739.0,50684.0,62262.0,47463.0,67911.0
305.0,54277.0,54235.0,42207.0,60968.0,57301.0,63736.0,598.0,54233.0,35595.0
19881.0,57675.0,60244.0,42329.0,42328.0,57296.0,38175.0,33753.0,3780.0,35595.0
5624.0,37217.0,17799.0,28757.0,28267.0,4308.0,12792.0,37228.0,3286.0,30659.0
47583.0,18888.0,7932.0,7220.0,50545.0,7144.0,1094.0,63530.0,197.0,4889.0
59093.0,26111.0,27887.0,8889.0,46732.0,16244.0,29541.0,20946.0,42660.0,55240.0
54723.0,10124.0,848.0,13767.0,18799.0,55578.0,37011.0,33119.0,23241.0,58191.0
65664.0,65974.0,10161.0,10148.0,10150.0,53015.0,57013.0,38206.0,60560.0,10154.0
54793.0,39423.0,61697.0,25671.0,48382.0,14604.0,64067.0,67837.0,36408.0,60923.0
32647.0,65198.0,18430.0,56285.0,24126.0,29823.0,22252.0,57551.0,49044.0,21492.0
12030.0,773.0,36094.0,230.0,39605.0,41370.0,7561.0,36846.0,4424.0,39467.0
7201.0,31826.0,46335.0,55182.0,54521.0,5025.0,51862.0,13929.0,42223.0,1632.0
47013.0,13349.0,28824.0,26152.0,772.0,20851.0,39110.0,63099.0,2680.0,23190.0
57713.0,43610.0,39346.0,26680.0,37171.0,54602.0,249.0,32345.0,35632.0,47512.0
43862.0,4412.0,9297.0,3055.0,39509.0,11159.0,32875.0,4964.0,11052.0,27860.0
10124.0,23256.0,19843.0,33003.0,57790.0,8755.0,25526.0,13274.0,7142.0,13802.0
52008.0,66093.0,55684.0,2172.0,37365.0,2189.0,56394.0,7261.0,2414.0,52574.0
27686.0,61369.0,14742.0,60341.0,24511.0,24186.0,33112.0,44678.0,65984.0,3104.0
62087.0,38484.0,41453.0,13979.0,4688.0,437.0,6723.0,28172.0,31915.0,12600.0
43715.0,49443.0,54589.0,12115.0,51520.0,17446.0,2091.0,21192.0,1382.0,52008.0
37913.0,63802.0,37421.0,29996.0,8819.0,10471.0,55495.0,12048.0,33810.0,13609.0
11083.0,35075.0,19686.0,12097.0,39430.0,66362.0,40562.0,16467.0,3247.0,4526.0
65708.0,18225.0,59434.0,42757.0,3577.0,5355.0,238.0,1024.0,58006.0,49599.0
20389.0,39523.0,13875.0,25592.0,45808.0,60455.0,20392.0,38322.0,54242.0,2312.0
30730.0,23342.0,15335.0,17435.0,40481.0,3526.0,4072.0,67968.0,13282.0,3831.0
64338.0,32947.0,43254.0,25281.0,7916.0,58026.0,67624.0,28706.0,24826.0,3655.0
33726.0,51362.0,45777.0,68001.0,45778.0,50886.0,24196.0,4230.0,23407.0,45766.0
21171.0,7749.0,37877.0,33604.0,21720.0,43057.0,4492.0,46192.0,62991.0,26999.0
63789.0,29919.0,39446.0,44954.0,36954.0,32613.0,23632.0,35362.0,37463.0,40548.0
40784.0,52271.0,25633.0,3955.0,722.0,30300.0,709.0,30274.0,52225.0,56283.0
50150.0,65648.0,28577.0,54483.0,17181.0,2141.0,11817.0,34918.0,67977.0,59404.0
32796.0,23855.0,6285.0,51146.0,26239.0,27095.0,30000.0,38673.0,45187.0,40044.0
1077.0,3498.0,17803.0,56501.0,40817.0,3367.0,65339.0,9775.0,24123.0,55429.0
46516.0,34551.0,917.0,25607.0,25692.0,1427.0,35301.0,64322.0,62970.0,33561.0
30243.0,13656.0,66940.0,15767.0,34101.0,13135.0,27912.0,33873.0,12726.0,16152.0
21618.0,42229.0,40031.0,61653.0,7761.0,55672.0,61875.0,42349.0,62770.0,7788.0
44562.0,1320.0,34890.0,65941.0,37059.0,67246.0,4724.0,44422.0,55105.0,22230.0
53385.0,51570.0,40952.0,37125.0,43125.0,1809.0,49343.0,22508.0,57105.0,68002.0
20646.0,34164.0,21177.0,9010.0,26467.0,6599.0,58611.0,4121.0,17719.0,21180.0
63961.0,17821.0,67915.0,51149.0,1545.0,3991.0,40032.0,52913.0,67872.0,37401.0
54863.0,5244.0,41361.0,41367.0,5415.0,4658.0,22239.0,34056.0,13091.0,7746.0
6574.0,17421.0,16933.0,22374.0,40841.0,24567.0,3195.0,17690.0,41751.0,15437.0
67957.0,1390.0,1359.0,12714.0,12725.0,1913.0,3533.0,20201.0,55979.0,25977.0
10204.0,7498.0,10180.0,6456.0,54955.0,3700.0,1522.0,33282.0,35535.0,50585.0
49552.0,54664.0,52112.0,30713.0,48555.0,61178.0,32377.0,24539.0,32399.0,2374.0
33209.0,49357.0,16717.0,5358.0,26144.0,423.0,8697.0,36569.0,65710.0,13198.0
43289.0,31735.0,63348.0,12954.0,66160.0,5274.0,5277.0,31654.0,33526.0,1535.0
12624.0,19123.0,65004.0,56879.0,22195.0,14016.0,16244.0,26754.0,8870.0,4815.0
58065.0,18633.0,1188.0,7205.0,15290.0,18617.0,10163.0,26441.0,18682.0,54420.0
39304.0,42757.0,64798.0,33403.0,42754.0,14044.0,44559.0,33397.0,64304.0,2710.0
38428.0,59213.0,43342.0,61813.0,48951.0,29381.0,753.0,8604.0,45374.0,61872.0
20881.0,22587.0,33173.0,43320.0,65289.0,8994.0,54913.0,36592.0,19967.0,21317.0
44349.0,5248.0,20099.0,59919.0,64116.0,37608.0,39698.0,57805.0,7310.0,19629.0
58894.0,58932.0,21970.0,7992.0,58892.0,58927.0,58871.0,45367.0,58904.0,47504.0
21304.0,37965.0,5962.0,44976.0,45196.0,56383.0,62424.0,51092.0,29086.0,12688.0
1239.0,45617.0,55993.0,1680.0,45616.0,11701.0,65401.0,8745.0,64799.0,13231.0
30715.0,61842.0,3509.0,15742.0,22646.0,24171.0,14156.0,45731.0,55236.0,2318.0
15051.0,38549.0,317.0,41021.0,20545.0,21717.0,32350.0,5234.0,34184.0,37989.0
31708.0,27395.0,27397.0,31688.0,20953.0,29395.0,25295.0,24011.0,12721.0,64894.0
8640.0,779.0,24470.0,61195.0,64822.0,2324.0,66853.0,5721.0,24469.0,64855.0
1393.0,39224.0,13104.0,31453.0,67568.0,12778.0,35719.0,7776.0,1288.0,39817.0
28021.0,56408.0,60368.0,56613.0,3157.0,30539.0,32015.0,24612.0,17747.0,63559.0
13161.0,14073.0,64891.0,9135.0,29428.0,39699.0,16212.0,41716.0,13146.0,24001.0
62580.0,31326.0,44300.0,4003.0,56573.0,65225.0,9608.0,4833.0,56235.0,66487.0
42021.0,39117.0,61069.0,13531.0,42324.0,40609.0,48296.0,57604.0,63684.0,54319.0
30716.0,15127.0,64382.0,38724.0,12749.0,15142.0,5585.0,12760.0,15134.0,12757.0
26109.0,6397.0,24440.0,31359.0,57568.0,46290.0,25129.0,36336.0,66095.0,15055.0
46588.0,28570.0,23818.0,47012.0,23825.0,35850.0,43816.0,48873.0,44935.0,30097.0
2421.0,40030.0,63313.0,57091.0,40033.0,45061.0,42035.0,39319.0,48917.0,9622.0
29244.0,65980.0,62153.0,4214.0,53873.0,55253.0,58296.0,23771.0,43179.0,22439.0
57901.0,23091.0,6137.0,26036.0,31924.0,61329.0,34254.0,25689.0,27315.0,39548.0
43704.0,10822.0,30372.0,62399.0,33580.0,40469.0,58900.0,62395.0,62404.0,698.0
12097.0,22729.0,47484.0,2243.0,31998.0,11083.0,21766.0,65541.0,9588.0,28513.0
32742.0,55053.0,32509.0,45419.0,10243.0,45341.0,5158.0,40539.0,18417.0,34603.0
62834.0,2265.0,22272.0,16199.0,42279.0,23541.0,23709.0,4911.0,19744.0,5764.0
23872.0,54229.0,22689.0,13458.0,24076.0,13496.0,13482.0,45837.0,47046.0,52980.0
25674.0,40957.0,28966.0,24223.0,29892.0,33462.0,47438.0,29908.0,59189.0,67042.0
10538.0,23650.0,22430.0,10542.0,13526.0,7369.0,13536.0,543.0,13494.0,13464.0
998.0,4377.0,3437.0,47487.0,47517.0,45405.0,3421.0,3450.0,926.0,8810.0
46643.0,54181.0,37666.0,14989.0,30125.0,18118.0,2279.0,30146.0,46640.0,41963.0
1093.0,30466.0,16098.0,45279.0,24537.0,6614.0,33574.0,16969.0,24520.0,31925.0
62313.0,39889.0,43051.0,36970.0,21921.0,43640.0,56467.0,35197.0,62309.0,56528.0
62567.0,59721.0,62716.0,39952.0,12792.0,17247.0,37271.0,58569.0,59722.0,54018.0
53547.0,33442.0,18442.0,63824.0,65585.0,22773.0,55632.0,43242.0,10122.0,14612.0
39357.0,4335.0,56581.0,19730.0,49155.0,65399.0,4523.0,66965.0,12945.0,23253.0
21890.0,22961.0,6354.0,63372.0,64013.0,46822.0,30930.0,47816.0,9772.0,10620.0
55421.0,8242.0,44463.0,20329.0,58080.0,31449.0,37057.0,2538.0,5799.0,29672.0
12006.0,49023.0,51739.0,68009.0,18526.0,5630.0,25103.0,26363.0,26365.0,64348.0
21710.0,141.0,35573.0,2216.0,1419.0,48777.0,18767.0,29946.0,66656.0,24161.0
8846.0,33845.0,35470.0,67650.0,40959.0,861.0,51810.0,2410.0,3336.0,38146.0
47495.0,56562.0,63749.0,23066.0,35631.0,57723.0,46968.0,31782.0,18047.0,31244.0
67435.0,63483.0,46576.0,59398.0,65212.0,3413.0,1954.0,62248.0,44270.0,50069.0
40988.0,12287.0,33927.0,58596.0,50415.0,56197.0,2393.0,10274.0,25779.0,23060.0
16286.0,56407.0,4871.0,65286.0,7201.0,16578.0,35127.0,60831.0,56232.0,55489.0
9486.0,13616.0,43231.0,11000.0,65184.0,64989.0,9991.0,10250.0,66463.0,60974.0
53797.0,3475.0,61679.0,66431.0,51435.0,45317.0,966.0,63669.0,46279.0,953.0
56411.0,47453.0,64032.0,33208.0,56341.0,47466.0,40623.0,3988.0,64029.0,29054.0
4707.0,59470.0,29547.0,58791.0,40880.0,49718.0,41953.0,58845.0,30257.0,30316.0
49240.0,57477.0,39891.0,52974.0,31554.0,4274.0,2097.0,52940.0,45300.0,40563.0
22952.0,699.0,63964.0,56370.0,1832.0,67922.0,62951.0,8834.0,35771.0,4698.0
37330.0,37291.0,61661.0,67869.0,37339.0,37317.0,37303.0,3878.0,37360.0,3581.0
7151.0,986.0,57326.0,60397.0,25763.0,35577.0,66113.0,32720.0,20455.0,30161.0
7968.0,34535.0,667.0,62396.0,24833.0,62962.0,62399.0,62401.0,22722.0,62395.0
56370.0,695.0,11071.0,22952.0,35771.0,47538.0,63964.0,34936.0,33556.0,54285.0
17715.0,18602.0,14533.0,8230.0,9070.0,13949.0,17374.0,55876.0,14731.0,36310.0
7935.0,493.0,40618.0,7377.0,47048.0,19233.0,7386.0,6311.0,34563.0,13537.0
46096.0,50805.0,61928.0,42715.0,64303.0,22902.0,14318.0,26924.0,53695.0,15286.0
39866.0,12731.0,63901.0,740.0,43338.0,17308.0,26773.0,62267.0,56035.0,42858.0
66927.0,17825.0,17826.0,16659.0,7410.0,47532.0,44935.0,31147.0,19196.0,663.0
3522.0,1930.0,6122.0,67989.0,49185.0,18380.0,23021.0,40595.0,15813.0,62732.0
12521.0,35972.0,61884.0,41946.0,453.0,58111.0,2571.0,46722.0,67604.0,38128.0
58121.0,61789.0,43647.0,4932.0,54958.0,1711.0,52442.0,43528.0,46710.0,54359.0
22999.0,13189.0,40594.0,37850.0,11064.0,27428.0,38248.0,46105.0,35947.0,19298.0
63671.0,25633.0,40784.0,625.0,38548.0,3955.0,20354.0,62945.0,52225.0,52955.0
34556.0,56806.0,62975.0,35422.0,37313.0,25933.0,5303.0,37179.0,45901.0,56803.0
43688.0,44279.0,35328.0,43819.0,177.0,42101.0,37330.0,3878.0,37318.0,37316.0
23822.0,23843.0,26680.0,39882.0,32345.0,64512.0,33662.0,37899.0,51206.0,30351.0
975.0,,,,,,,,,
46991.0,10517.0,20449.0,26179.0,13476.0,27021.0,15012.0,45431.0,26136.0,3486.0
156.0,918.0,19930.0,39539.0,2346.0,4552.0,42353.0,27412.0,51205.0,15878.0
49742.0,1994.0,49740.0,60720.0,61147.0,66824.0,969.0,38581.0,1570.0,18303.0
19233.0,7410.0,12912.0,66927.0,27836.0,35850.0,44935.0,47036.0,47488.0,32711.0
7343.0,7362.0,31808.0,489.0,31795.0,36529.0,7334.0,46573.0,35456.0,21918.0
61828.0,62950.0,53795.0,58821.0,48956.0,3463.0,29603.0,20340.0,57309.0,40854.0
43115.0,10820.0,35318.0,67456.0,39788.0,40561.0,39785.0,56701.0,4994.0,43089.0
52890.0,40592.0,12978.0,15002.0,37174.0,23681.0,12264.0,34638.0,20697.0,36602.0
63671.0,40784.0,25633.0,38548.0,625.0,52955.0,62945.0,3955.0,52225.0,40609.0
50851.0,48263.0,64461.0,58774.0,46250.0,51028.0,50682.0,26932.0,26931.0,59506.0
43675.0,61025.0,3495.0,42221.0,48211.0,64434.0,60051.0,21981.0,50564.0,61061.0
45723.0,40331.0,36002.0,10201.0,24087.0,10155.0,31760.0,55772.0,64042.0,47783.0
32225.0,13818.0,20766.0,6815.0,49354.0,7412.0,3714.0,41315.0,19444.0,31673.0
22169.0,3844.0,35656.0,29405.0,14402.0,14526.0,31501.0,52034.0,229.0,58345.0
55543.0,52330.0,22870.0,18222.0,25801.0,22909.0,30944.0,8905.0,30907.0,14760.0
13508.0,52923.0,57262.0,10517.0,27431.0,45401.0,59433.0,4559.0,13483.0,27437.0
34569.0,284.0,34566.0,990.0,905.0,62918.0,991.0,62965.0,929.0,3479.0
66969.0,2633.0,13509.0,13518.0,54259.0,13479.0,7340.0,57896.0,59088.0,32840.0
35771.0,8839.0,48966.0,24893.0,56491.0,3448.0,39885.0,22952.0,21166.0,21984.0
17355.0,2561.0,2575.0,48872.0,34877.0,21419.0,56825.0,28428.0,17391.0,15569.0
27780.0,15150.0,28134.0,13447.0,12576.0,7852.0,9344.0,54867.0,15125.0,46117.0
1088.0,53900.0,65690.0,51883.0,62515.0,33313.0,61047.0,54409.0,17450.0,58490.0
12912.0,717.0,66927.0,7386.0,47012.0,7410.0,27836.0,31244.0,44935.0,4363.0
20411.0,31509.0,31284.0,23409.0,21751.0,23146.0,45105.0,48992.0,55235.0,18131.0
39094.0,39767.0,22323.0,49837.0,26331.0,11330.0,6002.0,39813.0,15874.0,67978.0
48140.0,67936.0,28748.0,44438.0,58230.0,20261.0,7706.0,6244.0,18846.0,28344.0
15662.0,32302.0,1309.0,28425.0,64740.0,16183.0,19511.0,32254.0,21019.0,2844.0
58469.0,41490.0,61337.0,61281.0,41234.0,17722.0,61258.0,32374.0,10040.0,61333.0
51671.0,37308.0,66509.0,22127.0,27936.0,66895.0,66513.0,9659.0,21980.0,10222.0
67789.0,28179.0,9088.0,34013.0,12897.0,33931.0,5261.0,43551.0,26565.0,30664.0
62909.0,64945.0,63679.0,66991.0,13525.0,37944.0,7411.0,8435.0,16982.0,48952.0
56001.0,15155.0,17563.0,20322.0,40511.0,15912.0,12519.0,15059.0,28434.0,1297.0
26959.0,41994.0,56538.0,7117.0,7318.0,56628.0,46112.0,7904.0,44911.0,16224.0
34085.0,16124.0,15795.0,13151.0,67951.0,34049.0,29085.0,25981.0,4599.0,3818.0
31951.0,5661.0,11000.0,67965.0,32016.0,45115.0,9846.0,26327.0,60974.0,34138.0
52978.0,55948.0,32625.0,21186.0,10792.0,21691.0,42109.0,10226.0,30850.0,898.0
42080.0,43282.0,18319.0,21549.0,,,,,,
44192.0,1734.0,23121.0,16948.0,18090.0,15438.0,37991.0,27216.0,2490.0,10858.0
2781.0,50766.0,34040.0,2828.0,23782.0,25321.0,29146.0,5217.0,35504.0,2341.0
37097.0,658.0,42715.0,67579.0,64891.0,49097.0,4869.0,58034.0,41040.0,1529.0
4446.0,42216.0,62336.0,771.0,10232.0,908.0,937.0,32481.0,62406.0,43694.0
1866.0,64509.0,62983.0,30747.0,60759.0,1772.0,37909.0,32648.0,18760.0,37743.0
33345.0,60882.0,41718.0,40725.0,39467.0,40701.0,757.0,1591.0,45366.0,47760.0
40646.0,756.0,62811.0,43362.0,1801.0,34968.0,39476.0,40653.0,40712.0,50385.0
44184.0,38137.0,24128.0,4718.0,49437.0,1208.0,45294.0,41371.0,41713.0,59583.0
46481.0,4826.0,44545.0,60935.0,17896.0,53370.0,42653.0,48387.0,53348.0,63828.0
33259.0,63878.0,844.0,15379.0,66456.0,24779.0,32937.0,14890.0,24448.0,29668.0
10189.0,42784.0,4526.0,59393.0,49346.0,11195.0,22001.0,38534.0,8597.0,60352.0
37525.0,9759.0,4915.0,40014.0,37434.0,4972.0,34848.0,46537.0,10793.0,3412.0
4352.0,44081.0,25878.0,7282.0,1569.0,22665.0,2782.0,39678.0,5166.0,39666.0
57350.0,22722.0,7968.0,43694.0,58907.0,62396.0,62406.0,24499.0,39454.0,62937.0
48686.0,46568.0,1509.0,14782.0,16197.0,63272.0,21090.0,19532.0,34767.0,12903.0
63546.0,22534.0,46059.0,63500.0,48702.0,23557.0,58715.0,64177.0,66570.0,34178.0
52140.0,67316.0,51816.0,38271.0,28878.0,47396.0,67394.0,67123.0,36374.0,59302.0
808.0,29390.0,7159.0,31757.0,11658.0,64280.0,3556.0,55285.0,335.0,43290.0
45326.0,65226.0,1175.0,49793.0,3537.0,5130.0,2542.0,4295.0,5362.0,50510.0
1960.0,39248.0,39323.0,59581.0,36439.0,52284.0,38186.0,586.0,50701.0,38173.0
43690.0,937.0,43694.0,10232.0,33559.0,37681.0,296.0,908.0,57350.0,39904.0
2723.0,16228.0,45334.0,16533.0,15211.0,60480.0,16270.0,15534.0,2659.0,21845.0
1584.0,230.0,12824.0,34968.0,22202.0,65032.0,60965.0,3969.0,606.0,39605.0
921.0,55005.0,30344.0,48986.0,33602.0,22572.0,57522.0,12816.0,57393.0,39541.0
28279.0,15898.0,62787.0,52750.0,9012.0,59610.0,35856.0,44263.0,5486.0,32896.0
18947.0,17319.0,17960.0,7446.0,19333.0,33670.0,16676.0,9029.0,17315.0,58067.0
64843.0,8703.0,8837.0,10528.0,11221.0,12758.0,13323.0,17192.0,4472.0,20835.0
35842.0,3426.0,2354.0,25713.0,56580.0,2735.0,42752.0,54864.0,4885.0,36704.0
655.0,24469.0,64822.0,13385.0,8640.0,13633.0,24470.0,13381.0,2324.0,20131.0
16026.0,15984.0,54062.0,15980.0,53904.0,59938.0,46752.0,51607.0,59756.0,21253.0
9151.0,32280.0,9135.0,27921.0,3803.0,24001.0,25961.0,18901.0,30683.0,27958.0
19166.0,9433.0,57776.0,19125.0,5858.0,35215.0,23908.0,24491.0,9361.0,17311.0
17202.0,24913.0,30150.0,21136.0,33591.0,66139.0,35565.0,34630.0,46632.0,18042.0
15462.0,43639.0,64434.0,21979.0,45859.0,66903.0,50500.0,3428.0,15490.0,45317.0
59081.0,26312.0,31987.0,53468.0,28781.0,25907.0,11419.0,26448.0,45043.0,16394.0
673.0,36505.0,66989.0,13498.0,23650.0,13466.0,13526.0,62952.0,13494.0,38039.0
19074.0,7973.0,25015.0,55112.0,15750.0,4714.0,26814.0,35856.0,33528.0,43600.0
32473.0,10237.0,32471.0,923.0,22068.0,17069.0,17619.0,32405.0,38146.0,57143.0
43403.0,50898.0,31757.0,3658.0,41400.0,16152.0,46124.0,13135.0,1263.0,4897.0
20356.0,39878.0,55433.0,33699.0,9028.0,13552.0,30848.0,34211.0,11334.0,14744.0
3491.0,43261.0,51435.0,15543.0,54215.0,61784.0,15469.0,20366.0,953.0,40930.0
16262.0,60430.0,38259.0,64271.0,14900.0,16261.0,62876.0,15737.0,46158.0,21018.0
41317.0,57579.0,19621.0,15659.0,61891.0,39716.0,32274.0,60797.0,25266.0,22675.0
44298.0,62686.0,15889.0,42672.0,16402.0,15659.0,7467.0,21416.0,14482.0,13922.0
53664.0,3582.0,42756.0,2609.0,64326.0,2816.0,25939.0,59562.0,42754.0,7149.0
22390.0,34196.0,40568.0,26296.0,33896.0,34181.0,39853.0,25158.0,30966.0,30961.0
30035.0,2037.0,57143.0,4448.0,17069.0,33851.0,22068.0,923.0,31361.0,60087.0
64007.0,36387.0,52054.0,36446.0,51862.0,36357.0,41889.0,4960.0,8476.0,7065.0
1322.0,54087.0,2571.0,35972.0,31918.0,62520.0,19590.0,51789.0,67604.0,67997.0
12922.0,21062.0,50295.0,12967.0,1927.0,55959.0,21008.0,62880.0,3707.0,11917.0
63797.0,36131.0,5279.0,7310.0,32007.0,63549.0,25387.0,26781.0,27217.0,49760.0
60921.0,8474.0,4713.0,49280.0,24772.0,3646.0,50512.0,56080.0,31145.0,55511.0
30274.0,56281.0,30300.0,21954.0,52225.0,625.0,52271.0,30330.0,7184.0,21922.0
12605.0,32845.0,18115.0,61561.0,52055.0,31510.0,35396.0,25083.0,36603.0,59472.0
56158.0,21312.0,2219.0,61050.0,48985.0,58359.0,40946.0,548.0,46391.0,37935.0
4673.0,60268.0,4577.0,10651.0,53000.0,41091.0,57313.0,57364.0,18308.0,51732.0
871.0,8874.0,13253.0,9988.0,67056.0,1662.0,10393.0,13760.0,37891.0,33085.0
64280.0,1315.0,56010.0,768.0,64735.0,34057.0,12734.0,61063.0,48258.0,43290.0
9969.0,48740.0,15382.0,35871.0,53305.0,50345.0,828.0,2086.0,61017.0,55959.0
7904.0,827.0,1323.0,46112.0,18154.0,7984.0,37876.0,35891.0,44911.0,41994.0
49338.0,49158.0,12587.0,2078.0,3698.0,62769.0,66651.0,58554.0,4169.0,51996.0
2845.0,22211.0,3819.0,37258.0,17348.0,3519.0,4405.0,16038.0,39773.0,15875.0
20913.0,16699.0,36666.0,14683.0,1315.0,1369.0,7149.0,22598.0,38801.0,62862.0
32304.0,25258.0,58331.0,8421.0,17124.0,5394.0,8126.0,5353.0,2897.0,45672.0
62870.0,45933.0,25723.0,65073.0,61910.0,4071.0,2817.0,62832.0,62856.0,31204.0
34081.0,778.0,31467.0,34100.0,11708.0,33408.0,22239.0,33393.0,16501.0,41393.0
42180.0,5846.0,14946.0,62439.0,10183.0,61888.0,9149.0,17894.0,66933.0,58036.0
27401.0,64894.0,9383.0,13431.0,11515.0,40626.0,64746.0,23006.0,56049.0,4457.0
15177.0,22904.0,53358.0,56381.0,35700.0,4699.0,23441.0,16965.0,19656.0,6815.0
57645.0,36919.0,18412.0,6749.0,18199.0,19691.0,54183.0,53695.0,22259.0,1530.0
4619.0,39651.0,46178.0,67893.0,56248.0,37986.0,44915.0,2757.0,67901.0,11802.0
18181.0,23384.0,15152.0,32273.0,17108.0,63854.0,36962.0,46417.0,19620.0,20299.0
828.0,16224.0,27779.0,8656.0,35939.0,50805.0,7484.0,23757.0,21417.0,45217.0
854.0,15485.0,40614.0,50691.0,39487.0,50642.0,2542.0,44477.0,45326.0,61774.0
22899.0,46100.0,12251.0,35192.0,17652.0,43970.0,17332.0,18343.0,40502.0,18527.0
1575.0,43510.0,28294.0,44831.0,32217.0,36440.0,1859.0,9462.0,32289.0,1746.0
1326.0,810.0,44911.0,20248.0,39200.0,13080.0,15161.0,41926.0,14029.0,46805.0
19599.0,32936.0,809.0,45217.0,21417.0,14923.0,823.0,62872.0,15382.0,7484.0
55809.0,17308.0,40265.0,14945.0,61443.0,12731.0,45006.0,45232.0,56715.0,38679.0
42064.0,16599.0,36012.0,53052.0,1918.0,59525.0,49438.0,2623.0,7767.0,336.0
10666.0,28231.0,37552.0,28941.0,5351.0,17557.0,7306.0,28837.0,66678.0,63468.0
9353.0,40302.0,48604.0,3832.0,62821.0,43281.0,36396.0,4213.0,6061.0,29299.0
6225.0,34144.0,6899.0,12354.0,18854.0,36328.0,40879.0,12361.0,37264.0,66840.0
32201.0,60898.0,29858.0,16288.0,14035.0,13147.0,25311.0,44992.0,22809.0,66907.0
62586.0,1158.0,45726.0,54521.0,53441.0,30242.0,55750.0,60873.0,48852.0,14514.0
62407.0,34063.0,62860.0,25507.0,66936.0,33418.0,21111.0,37917.0,49328.0,56879.0
58554.0,5478.0,5477.0,12561.0,65437.0,41373.0,2545.0,1394.0,32414.0,7431.0
17425.0,13963.0,14770.0,67631.0,31842.0,6553.0,51306.0,36280.0,13917.0,31661.0
38200.0,2020.0,61639.0,63612.0,22019.0,38164.0,56299.0,45165.0,54936.0,60293.0
16235.0,22832.0,55285.0,48233.0,3556.0,12734.0,15105.0,15094.0,29868.0,60455.0
64907.0,33115.0,12238.0,24044.0,9910.0,8354.0,26960.0,28472.0,31962.0,1626.0
23330.0,30752.0,67968.0,4072.0,15141.0,13447.0,13446.0,5585.0,15125.0,12576.0
42669.0,17380.0,20026.0,6207.0,14725.0,51081.0,6940.0,12940.0,5915.0,51642.0
63584.0,32299.0,29668.0,57421.0,760.0,21400.0,64865.0,1875.0,8545.0,24779.0
66609.0,38075.0,27644.0,55403.0,19632.0,38487.0,50594.0,4618.0,5128.0,26230.0
5424.0,46231.0,32059.0,50929.0,46193.0,5449.0,40318.0,38823.0,58739.0,6834.0
35987.0,21244.0,19433.0,18917.0,26885.0,12833.0,48112.0,43213.0,9403.0,48197.0
45589.0,16715.0,16696.0,37011.0,16764.0,4162.0,45548.0,65646.0,4217.0,602.0
47544.0,53338.0,60884.0,21778.0,49343.0,65222.0,62053.0,65873.0,66032.0,45350.0
4043.0,30631.0,66453.0,51120.0,65943.0,51983.0,53453.0,36392.0,24145.0,36831.0
51919.0,26093.0,67160.0,45996.0,14307.0,14636.0,44337.0,50821.0,51590.0,55202.0
57351.0,37296.0,3414.0,25861.0,61636.0,18754.0,4382.0,62397.0,42078.0,60695.0
32720.0,61719.0,4609.0,52753.0,42221.0,53430.0,61025.0,42019.0,54280.0,3495.0
61079.0,824.0,14086.0,15477.0,50642.0,15539.0,60440.0,15501.0,50691.0,15480.0
34003.0,14610.0,14323.0,38150.0,23308.0,21723.0,40973.0,21928.0,14509.0,16585.0
21149.0,4137.0,27448.0,45830.0,15409.0,38334.0,18779.0,40590.0,56702.0,63732.0
12080.0,37401.0,56360.0,8831.0,8832.0,32658.0,34923.0,52203.0,24922.0,32610.0
8938.0,61078.0,14685.0,16564.0,8399.0,14634.0,21606.0,66023.0,46020.0,44041.0
3350.0,61766.0,66505.0,12368.0,37396.0,2191.0,29151.0,37923.0,4366.0,37414.0
3363.0,35500.0,35505.0,5027.0,66352.0,34401.0,12600.0,2254.0,38420.0,4388.0
685.0,33560.0,3774.0,40959.0,51810.0,40699.0,33845.0,37178.0,58853.0,58875.0
24121.0,55347.0,4450.0,9802.0,24179.0,2139.0,23165.0,9757.0,21295.0,35160.0
51776.0,12190.0,47507.0,30346.0,13912.0,57365.0,30385.0,40618.0,57346.0,6311.0
14689.0,31174.0,63694.0,65908.0,63633.0,44230.0,52220.0,56278.0,57883.0,30951.0
23971.0,15492.0,24811.0,64889.0,16293.0,39793.0,28807.0,25867.0,13305.0,16292.0
9170.0,31906.0,31907.0,18373.0,67567.0,25486.0,9777.0,8270.0,61713.0,35848.0
49379.0,3818.0,49377.0,2646.0,54147.0,29058.0,2862.0,25667.0,7776.0,25339.0
2736.0,1245.0,67942.0,23688.0,39308.0,21762.0,57133.0,24997.0,39255.0,5250.0
24978.0,7792.0,43541.0,47726.0,5856.0,5288.0,17452.0,6965.0,37603.0,6353.0
22892.0,52387.0,15512.0,62234.0,60437.0,9941.0,61560.0,27854.0,61058.0,43603.0
807.0,15347.0,13349.0,33425.0,28824.0,22693.0,33371.0,13197.0,42834.0,67056.0
22002.0,51244.0,43500.0,18337.0,37120.0,21731.0,35156.0,36113.0,27878.0,63823.0
67851.0,9512.0,28102.0,35451.0,2739.0,9133.0,66042.0,64804.0,3643.0,64308.0
24173.0,48877.0,16429.0,65850.0,59151.0,13144.0,10678.0,8638.0,66976.0,55995.0
60945.0,14206.0,55970.0,41709.0,23249.0,48394.0,1594.0,53766.0,65057.0,66987.0
1374.0,13192.0,33016.0,51516.0,14658.0,4522.0,10049.0,4744.0,8955.0,9297.0
51907.0,37659.0,1164.0,60834.0,1162.0,32844.0,16280.0,65730.0,57000.0,29711.0
59540.0,41899.0,16593.0,17240.0,53669.0,3234.0,2461.0,42070.0,4955.0,8415.0
4955.0,48323.0,41961.0,23267.0,63391.0,39264.0,44255.0,3299.0,29588.0,45941.0
60526.0,2478.0,32310.0,1190.0,5088.0,44319.0,51421.0,59233.0,38448.0,54589.0
33782.0,46602.0,48440.0,46642.0,4664.0,21966.0,57751.0,60233.0,23620.0,66856.0
1353.0,61092.0,45285.0,56758.0,5615.0,58687.0,1085.0,43414.0,56755.0,42976.0
28981.0,66543.0,46163.0,51985.0,52215.0,2420.0,46601.0,30216.0,56353.0,24147.0
15570.0,17655.0,15574.0,36254.0,39872.0,28383.0,41727.0,20244.0,64332.0,9050.0
4096.0,60080.0,64234.0,9147.0,24810.0,48770.0,44418.0,45672.0,64300.0,58291.0
880.0,43602.0,49472.0,44255.0,63401.0,49468.0,61563.0,42355.0,8432.0,53162.0
14140.0,4965.0,37888.0,44979.0,47523.0,3373.0,4168.0,3364.0,32672.0,9257.0
5280.0,43875.0,47563.0,55261.0,53005.0,53460.0,4939.0,19910.0,4521.0,39431.0
35866.0,28137.0,55334.0,26153.0,53370.0,20647.0,14570.0,39323.0,20978.0,30872.0
69.0,4587.0,14672.0,62813.0,28011.0,50383.0,67887.0,51823.0,3202.0,3223.0
55546.0,52919.0,32801.0,7232.0,46311.0,9782.0,8956.0,65909.0,34931.0,12048.0
27447.0,54891.0,18779.0,47376.0,27448.0,45830.0,7734.0,49019.0,21141.0,65526.0
36652.0,29404.0,27851.0,29418.0,56376.0,41096.0,12997.0,42294.0,54017.0,58563.0
34936.0,54285.0,33556.0,699.0,11071.0,61158.0,30333.0,56370.0,1832.0,39312.0
44702.0,8884.0,10334.0,21784.0,22851.0,45962.0,6639.0,7139.0,58310.0,45804.0
14973.0,1205.0,66936.0,35842.0,897.0,45654.0,22586.0,34051.0,55271.0,27894.0
62976.0,33418.0,16233.0,16303.0,15186.0,65840.0,22628.0,23449.0,55879.0,27353.0
10226.0,245.0,19241.0,57398.0,62970.0,61654.0,52978.0,55948.0,749.0,2669.0
28971.0,30198.0,66048.0,60914.0,32644.0,64032.0,25914.0,4844.0,3988.0,50624.0
56409.0,56410.0,46648.0,635.0,18434.0,21999.0,51149.0,63961.0,26717.0,3404.0
47046.0,4807.0,46971.0,63989.0,950.0,34577.0,6310.0,66836.0,19898.0,54229.0
29343.0,34470.0,63912.0,3379.0,17803.0,22254.0,3366.0,63714.0,3910.0,4928.0
1548.0,39374.0,27769.0,22519.0,53719.0,67568.0,35293.0,45593.0,50832.0,7932.0
57401.0,16187.0,33176.0,64946.0,543.0,47036.0,11139.0,66927.0,24437.0,13494.0
929.0,62901.0,938.0,3436.0,34566.0,730.0,3478.0,990.0,284.0,991.0
10531.0,13480.0,3488.0,730.0,3408.0,13501.0,34569.0,62918.0,34581.0,916.0
972.0,50682.0,58785.0,58830.0,46250.0,987.0,59496.0,25934.0,48206.0,50683.0
4314.0,39904.0,43694.0,39437.0,39454.0,771.0,3434.0,10232.0,51669.0,62336.0
31602.0,55731.0,26721.0,4562.0,66776.0,51031.0,53460.0,39431.0,888.0,7785.0
47658.0,42054.0,37332.0,57177.0,62740.0,45664.0,27434.0,16006.0,9679.0,31077.0
674.0,3450.0,62896.0,45405.0,998.0,47487.0,3437.0,4377.0,3421.0,62912.0
39885.0,21166.0,30333.0,39312.0,22952.0,699.0,732.0,48966.0,33768.0,7831.0
54098.0,223.0,45140.0,65837.0,10237.0,8799.0,39958.0,23273.0,2037.0,3243.0
3473.0,48989.0,3410.0,62929.0,56404.0,57402.0,13873.0,25374.0,66058.0,60770.0
116.0,47597.0,63547.0,25784.0,67890.0,31716.0,55603.0,65807.0,39445.0,22508.0
27512.0,43505.0,10872.0,3488.0,7152.0,3474.0,34581.0,10531.0,10870.0,13480.0
1427.0,40504.0,629.0,25607.0,62970.0,37325.0,19241.0,3403.0,27436.0,3468.0
156.0,53603.0,4594.0,33600.0,715.0,4238.0,4552.0,60810.0,19054.0,30067.0
38003.0,239.0,3415.0,7228.0,2147.0,55263.0,2726.0,29866.0,34914.0,1730.0
59380.0,47543.0,5243.0,1422.0,2902.0,22439.0,157.0,13351.0,29167.0,4951.0
55005.0,39541.0,774.0,22572.0,22735.0,43813.0,30344.0,66103.0,10863.0,27939.0
35569.0,4426.0,37299.0,7264.0,37307.0,924.0,37332.0,2667.0,40537.0,37344.0
788.0,22068.0,32473.0,38146.0,685.0,231.0,3774.0,797.0,32405.0,17619.0
37338.0,37326.0,52979.0,37299.0,30027.0,37348.0,11171.0,35569.0,922.0,30053.0
1835.0,31594.0,50614.0,42120.0,4318.0,4470.0,47432.0,61676.0,4497.0,43070.0
23831.0,3450.0,62896.0,4377.0,62912.0,674.0,45405.0,3409.0,998.0,8810.0
63820.0,45427.0,56454.0,56486.0,10811.0,43704.0,24833.0,667.0,62395.0,34535.0
37179.0,45901.0,37314.0,37313.0,37317.0,27468.0,61661.0,34605.0,37303.0,25933.0
43116.0,905.0,62901.0,34566.0,990.0,3436.0,991.0,730.0,3478.0,62965.0
53429.0,60051.0,52753.0,61025.0,43635.0,47452.0,934.0,64925.0,65917.0,66859.0
24910.0,47519.0,3433.0,61193.0,56474.0,34961.0,38715.0,10867.0,26103.0,34536.0
6919.0,67960.0,19228.0,40013.0,11209.0,66190.0,11161.0,40969.0,4972.0,39356.0
44817.0,61747.0,44407.0,2444.0,45090.0,2447.0,48883.0,55246.0,7915.0,5345.0
42221.0,47452.0,930.0,3496.0,20377.0,48211.0,64434.0,39291.0,24979.0,3495.0
56416.0,3414.0,60695.0,10214.0,62923.0,33559.0,58643.0,4495.0,18754.0,62397.0
63515.0,49510.0,30747.0,36064.0,63830.0,31304.0,67912.0,256.0,42348.0,59660.0
10232.0,3434.0,771.0,39904.0,51669.0,4314.0,43694.0,43690.0,754.0,4593.0
929.0,905.0,62901.0,34566.0,3436.0,3478.0,990.0,991.0,730.0,3479.0
32840.0,7362.0,4598.0,7343.0,57896.0,4511.0,66969.0,718.0,43676.0,59088.0
26133.0,42017.0,17014.0,62978.0,352.0,32752.0,60743.0,31550.0,52384.0,13855.0
51928.0,49527.0,16983.0,51919.0,4810.0,63841.0,53004.0,14280.0,57210.0,65914.0
57338.0,54919.0,33800.0,55611.0,4969.0,26666.0,53640.0,9613.0,66865.0,5021.0
58518.0,44770.0,31413.0,60534.0,1537.0,40719.0,47589.0,3781.0,65043.0,47597.0
36439.0,67043.0,9536.0,14513.0,21109.0,32679.0,38165.0,41898.0,41934.0,42291.0
5025.0,31826.0,27853.0,19896.0,360.0,63992.0,56245.0,47292.0,58031.0,54521.0
51156.0,47497.0,57401.0,54915.0,34528.0,34561.0,47514.0,543.0,47532.0,11139.0
13517.0,10521.0,4597.0,54290.0,37731.0,57328.0,30363.0,62917.0,54832.0,7364.0
4597.0,13517.0,62917.0,30363.0,57328.0,43676.0,10521.0,13481.0,37731.0,54290.0
10584.0,24411.0,61720.0,6419.0,30360.0,23656.0,38045.0,30329.0,39478.0,22697.0
19894.0,46971.0,53000.0,19898.0,34577.0,54240.0,57364.0,43928.0,63989.0,10651.0
52300.0,4278.0,30236.0,52292.0,52249.0,40339.0,27379.0,40378.0,2560.0,4273.0
62940.0,60473.0,7349.0,13914.0,54215.0,60453.0,60466.0,61053.0,57308.0,57281.0
791.0,54215.0,51435.0,20366.0,46279.0,57308.0,61784.0,952.0,15538.0,13914.0
40345.0,50620.0,61071.0,39338.0,14109.0,15475.0,61113.0,15502.0,50978.0,51036.0
986.0,29716.0,42019.0,15495.0,13478.0,13673.0,47435.0,58259.0,20455.0,61133.0
57293.0,58808.0,61133.0,55093.0,56290.0,66559.0,65574.0,47439.0,60978.0,47445.0
3488.0,3487.0,43505.0,34581.0,7152.0,27512.0,990.0,3474.0,27431.0,729.0
48393.0,12089.0,59462.0,29172.0,4969.0,9613.0,42206.0,37259.0,44038.0,56413.0
7561.0,65696.0,21939.0,10233.0,46329.0,27534.0,32618.0,63133.0,27835.0,56358.0
21108.0,32741.0,32700.0,17027.0,60182.0,40021.0,67852.0,67894.0,40017.0,67885.0
54297.0,54269.0,37448.0,963.0,66053.0,21895.0,30156.0,1893.0,35688.0,16583.0
55051.0,45171.0,56374.0,1823.0,54227.0,46649.0,60914.0,62902.0,54284.0,6288.0
1893.0,21135.0,16583.0,32650.0,37714.0,23308.0,66053.0,21723.0,32596.0,32592.0
19913.0,45430.0,9669.0,57314.0,34508.0,30104.0,3919.0,24419.0,993.0,3460.0
34505.0,13477.0,10554.0,13543.0,13519.0,13465.0,34513.0,17570.0,3479.0,10531.0
61784.0,61679.0,57308.0,989.0,46279.0,13914.0,54215.0,51435.0,20366.0,57281.0
63640.0,57238.0,42018.0,62941.0,63990.0,36532.0,55694.0,52303.0,52253.0,30130.0
50519.0,54282.0,50500.0,60646.0,3495.0,42019.0,50564.0,57293.0,3482.0,29609.0
59444.0,716.0,65638.0,4284.0,50850.0,51364.0,38581.0,59464.0,1570.0,3659.0
51034.0,46652.0,58774.0,18232.0,973.0,25934.0,987.0,58771.0,60461.0,50682.0
954.0,40345.0,58806.0,61113.0,56804.0,15475.0,40929.0,18312.0,39338.0,61071.0
59506.0,987.0,907.0,58830.0,25934.0,58774.0,50683.0,51000.0,59496.0,51028.0
970.0,46652.0,51034.0,42336.0,60461.0,57580.0,18312.0,49554.0,58768.0,61113.0
54515.0,47385.0,14111.0,62304.0,61098.0,50859.0,54164.0,1195.0,25763.0,29716.0
59455.0,4243.0,29838.0,59528.0,713.0,52261.0,52294.0,4245.0,31575.0,4281.0
46329.0,2309.0,6185.0,64753.0,27835.0,56594.0,56288.0,65696.0,37263.0,3390.0
57678.0,250.0,37719.0,204.0,37154.0,25046.0,27683.0,8489.0,22256.0,31028.0
10240.0,35771.0,10236.0,4382.0,62397.0,4438.0,62951.0,10214.0,43119.0,33768.0
37313.0,37179.0,45901.0,37314.0,37317.0,27468.0,61661.0,25933.0,37318.0,34605.0
4515.0,62973.0,34597.0,55005.0,10798.0,921.0,18047.0,57522.0,43903.0,22572.0
67829.0,63366.0,8489.0,40025.0,4904.0,33800.0,54919.0,48821.0,977.0,49107.0
29974.0,50838.0,29871.0,63963.0,1892.0,65218.0,26711.0,30006.0,44038.0,67623.0
47498.0,13651.0,34961.0,34595.0,9643.0,10864.0,43486.0,30348.0,3445.0,63686.0
998.0,45405.0,3421.0,3444.0,34599.0,3423.0,8810.0,31305.0,47487.0,33603.0
50333.0,48866.0,63684.0,42214.0,50823.0,32699.0,33136.0,21929.0,58347.0,52248.0
47435.0,20455.0,697.0,955.0,57326.0,64925.0,66049.0,58805.0,7151.0,21903.0
50682.0,25934.0,50683.0,58830.0,51028.0,58774.0,59506.0,50969.0,51000.0,51034.0
60268.0,18308.0,53000.0,19898.0,19894.0,34577.0,13853.0,63989.0,31793.0,46971.0
57281.0,61723.0,966.0,40854.0,3475.0,60411.0,61784.0,13914.0,53795.0,63669.0
62901.0,62965.0,284.0,34521.0,3487.0,34569.0,37977.0,730.0,929.0,34566.0
34521.0,37977.0,62965.0,284.0,34569.0,62918.0,62901.0,929.0,10518.0,730.0
46102.0,3444.0,34565.0,34599.0,33603.0,3421.0,3423.0,35361.0,3439.0,3450.0
34508.0,57314.0,25533.0,61670.0,40931.0,10871.0,45812.0,48932.0,48944.0,964.0
4446.0,57321.0,23831.0,996.0,62912.0,926.0,3409.0,39437.0,3450.0,62896.0
23544.0,44767.0,19732.0,37528.0,1568.0,212.0,10943.0,51466.0,861.0,44797.0
62923.0,57321.0,994.0,4446.0,23831.0,33559.0,754.0,62912.0,771.0,3450.0
4495.0,4448.0,4449.0,2037.0,57731.0,58862.0,33851.0,35415.0,47626.0,62136.0
47487.0,3421.0,45405.0,3444.0,3423.0,47517.0,911.0,23845.0,8810.0,984.0
66926.0,492.0,62908.0,45952.0,19150.0,65731.0,493.0,6697.0,26159.0,47514.0
